0x8000587C	0x40	AptValue::DeleteThis(void)	C:\uefa-betangc\packages\Apt\0.99.99-LookInREADME\lib\gc-sn\libaptz.a(aptvalue.cpp.obj)
0x8001F378	0x40	GuiGetChampionsLeagueMatchType(void)	C:\UEFA-BetaNGC\build\gc-sn-release\FIFA\src\cmn\gui\handlers\season.cpp.obj
0x80080FBC	0x48	Var::Database::BindFloatVariable(char *, float *)	C:\UEFA-BetaNGC\build\gc-sn-release\FIFA\src\cmn\util\var.cpp.obj
0x80126034	0x30	GuiGFModelIsLoaded(void)	C:\UEFA-BetaNGC\build\gc-sn-release\FIFA\src\cmn\gui\handlers\gameFace.cpp.obj
0x8013F2C0	0x48	Database::Purge(void)	C:\UEFA-BetaNGC\build\gc-sn-release\FIFA\src\cmn\database\database.cpp.obj
0x801ABCDC	0x34	Var::Database::Exists(char *)	C:\UEFA-BetaNGC\build\gc-sn-release\FIFA\src\cmn\util\var.cpp.obj
0x802361C0	0x34	HashIterator::HashIterator(hashtable_def *)	C:\UEFA-BetaNGC\build\gc-sn-release\FIFA\src\cmn\util\hash.cpp.obj
0x80306438	0x5C	BackBufferCopy::Release(void)	C:\UEFA-BetaNGC\build\gc-sn-release\FIFA\src\util\sgr\eagl\sgr_backbuffer.cpp.obj
0x8035A028	0x74	MemCard::MyThread::Begin(int (*)(void *))	C:\UEFA-BetaNGC\build\gc-sn-release\FIFA\src\cmn\gui\memcard.cpp.obj
0x8035A09C	0x44	MemCard::MyThread::WaitForEnd(int)	C:\UEFA-BetaNGC\build\gc-sn-release\FIFA\src\cmn\gui\memcard.cpp.obj
0x8035A104	0x30	MemCard::MyThread::SetPriority(int)	C:\UEFA-BetaNGC\build\gc-sn-release\FIFA\src\cmn\gui\memcard.cpp.obj
0x8035A198	0x5C	MemCard::MyThread::EntryProc(void *)	C:\UEFA-BetaNGC\build\gc-sn-release\FIFA\src\cmn\gui\memcard.cpp.obj
0x80364A90	0x64	EAGLInternal::PropertyParser::SkipDelims(char *)	C:\UEFA-BetaNGC\src\lib\gc\eagl\lib.gc\libeaglSNz.a(state.o)
0x80364AF4	0x60	EAGLInternal::PropertyParser::FindTokenEnd(char *, char *&)	C:\UEFA-BetaNGC\src\lib\gc\eagl\lib.gc\libeaglSNz.a(state.o)
0x80365314	0x478	FONT_getrectx__H1ZUc_P4FONTPCX01PfN32_v	C:\UEFA-BetaNGC\src\lib\gc\realgraph\lib\librealfontz.a(fontdraw.cpp.obj)
0x8036578C	0x478	FONT_getrectx__H1ZUs_P4FONTPCX01PfN32_v	C:\UEFA-BetaNGC\src\lib\gc\realgraph\lib\librealfontz.a(fontdraw.cpp.obj)
0x8038BC58	0x78	RCMP::EAGL_VD_create(RCMP::DECODER *, RCMP::FRAME *, EAGL::Device *, EAGL::RenderContext *)	C:\UEFA-BetaNGC\src\lib\gc\rcmp\lib\librcmpvdz.a(hwvideodisplaylist.cpp.obj)
0x8038BCD0	0x2B0	GCHW_VD::GCHW_VD(RCMP::DECODER *, RCMP::FRAME *, _GXRenderModeObj *)	C:\UEFA-BetaNGC\src\lib\gc\rcmp\lib\librcmpvdz.a(hwvideodisplaylist.cpp.obj)
0x8038BF80	0x30	GCHW_VD::SetPosition(float, float, float)	C:\UEFA-BetaNGC\src\lib\gc\rcmp\lib\librcmpvdz.a(hwvideodisplaylist.cpp.obj)
0x8038BFDC	0x7C	GCHW_VD::~GCHW_VD(void)	C:\UEFA-BetaNGC\src\lib\gc\rcmp\lib\librcmpvdz.a(hwvideodisplaylist.cpp.obj)
0x8038C058	0x688	GCHW_VD::iDraw(void)	C:\UEFA-BetaNGC\src\lib\gc\rcmp\lib\librcmpvdz.a(hwvideodisplaylist.cpp.obj)
0x8038C6E0	0x4C	GCHW_VD::Draw(RCMP::FRAME *)	C:\UEFA-BetaNGC\src\lib\gc\rcmp\lib\librcmpvdz.a(hwvideodisplaylist.cpp.obj)
0x8038C788	0x4C	DELETE_tBigYUVSwizzler(tBigYUVSwizzler *)	C:\UEFA-BetaNGC\src\lib\gc\rcmp\lib\librcmpvdz.a(bigyuvswizzler.cpp.obj)
0x8038C7D4	0x1C8	NEW_tBigYUVSwizzlerTexture(_GXTexObj *, _GXTexObj *, _GXTexObj *)	C:\UEFA-BetaNGC\src\lib\gc\rcmp\lib\librcmpvdz.a(bigyuvswizzler.cpp.obj)
0x8038C99C	0x690	tBigYUVSwizzler_DrawSetup(tBigYUVSwizzler *, _GXTexObj *, _GXTexObj *, _GXTexObj *)	C:\UEFA-BetaNGC\src\lib\gc\rcmp\lib\librcmpvdz.a(bigyuvswizzler.cpp.obj)
0x8038D110	0x60	DELETE_tBigSwizzler(tBigSwizzler *)	C:\UEFA-BetaNGC\src\lib\gc\rcmp\lib\librcmpvdz.a(bigswizzler.cpp.obj)
0x8038D170	0x374	NEW_tBigSwizzlerTexture(_GXTexObj *)	C:\UEFA-BetaNGC\src\lib\gc\rcmp\lib\librcmpvdz.a(bigswizzler.cpp.obj)
0x8038D4E4	0x98	RCMP::AV_PLAYER::AV_PLAYER(char *, int, RCMP::AV_PLAYER::LOAD_ENUM, RCMP::AV_PLAYER::SOUND_ENUM)	C:\UEFA-BetaNGC\src\lib\gc\rcmp\lib\librcmpavz.a(avplayer.cpp.obj)
0x8038D57C	0x438	RCMP::AV_PLAYER::Init(char *, int, int, int, char *, int, int, int, RCMP::AV_PLAYER::LOAD_ENUM, RCMP::AV_PLAYER::SOUND_ENUM)	C:\UEFA-BetaNGC\src\lib\gc\rcmp\lib\librcmpavz.a(avplayer.cpp.obj)
0x8038DDE8	0x84	RCMP::AV_PLAYER::GetFrame(float)	C:\UEFA-BetaNGC\src\lib\gc\rcmp\lib\librcmpavz.a(avplayer.cpp.obj)
0x8038DE6C	0x9C	RCMP::AV_PLAYER::IsTimeForDecode(void)	C:\UEFA-BetaNGC\src\lib\gc\rcmp\lib\librcmpavz.a(avplayer.cpp.obj)
0x8038DF3C	0xFC	RCMP::AV_PLAYER::SetSpeed(unsigned int)	C:\UEFA-BetaNGC\src\lib\gc\rcmp\lib\librcmpavz.a(avplayer.cpp.obj)
0x8038E080	0x128	RCMP::AV_PLAYER::SyncedAudioTime(void)	C:\UEFA-BetaNGC\src\lib\gc\rcmp\lib\librcmpavz.a(avplayer.cpp.obj)
0x8038E1A8	0x244	RCMP::AV_PLAYER::GetRCMPChunk(RCMP::DECODER *, RCMP::CHUNK **)	C:\UEFA-BetaNGC\src\lib\gc\rcmp\lib\librcmpavz.a(avplayer.cpp.obj)
0x8038E468	0xCC	RCMP::AV_MS_TIMER::Update(void)	C:\UEFA-BetaNGC\src\lib\gc\rcmp\lib\librcmpavz.a(avplayer.cpp.obj)
0x8038E534	0xE8	RCMP::AUDIO_PLAYER::AUDIO_PLAYER(int, int)	C:\UEFA-BetaNGC\src\lib\gc\rcmp\lib\librcmpavz.a(audioplayer.cpp.obj)
0x8038E61C	0x78	RCMP::AUDIO_PLAYER::~AUDIO_PLAYER(void)	C:\UEFA-BetaNGC\src\lib\gc\rcmp\lib\librcmpavz.a(audioplayer.cpp.obj)
0x8038E694	0x5C	RCMP::AUDIO_PLAYER::SetSpeed(unsigned int)	C:\UEFA-BetaNGC\src\lib\gc\rcmp\lib\librcmpavz.a(audioplayer.cpp.obj)
0x8038E6F0	0x58	RCMP::AUDIO_PLAYER::StartSound(void)	C:\UEFA-BetaNGC\src\lib\gc\rcmp\lib\librcmpavz.a(audioplayer.cpp.obj)
0x8038E7D8	0x74	RCMP::DECODER::DECODER(RCMP::CODEC_IDATA *)	C:\UEFA-BetaNGC\src\lib\gc\rcmp\lib\librcmpz.a(rcmpbase.o)
0x8038E84C	0x58	RCMP::DECODER::~DECODER(void)	C:\UEFA-BetaNGC\src\lib\gc\rcmp\lib\librcmpz.a(rcmpbase.o)
0x8038E8A4	0x48	RCMP::DECODER::ChooseCodec(RCMP::CODEC *, RCMP::CHUNK *)	C:\UEFA-BetaNGC\src\lib\gc\rcmp\lib\librcmpz.a(rcmpbase.o)
0x8038E944	0x48	RCMP::DECODER::GetCurrentFrameNumber(void)	C:\UEFA-BetaNGC\src\lib\gc\rcmp\lib\librcmpz.a(rcmpbase.o)
0x8038E98C	0x4C	RCMP::DECODER::GetFrameRate(void)	C:\UEFA-BetaNGC\src\lib\gc\rcmp\lib\librcmpz.a(rcmpbase.o)
0x8038E9D8	0x8C	RCMP::DECODER::GetFrame(unsigned int)	C:\UEFA-BetaNGC\src\lib\gc\rcmp\lib\librcmpz.a(rcmpbase.o)
0x8038EA9C	0x58	RCMP::DECODER::GetChunk(void)	C:\UEFA-BetaNGC\src\lib\gc\rcmp\lib\librcmpz.a(rcmpbase.o)
0x8038EAF4	0x34	RCMP::DECODER::ReleaseChunk(RCMP::CHUNK *)	C:\UEFA-BetaNGC\src\lib\gc\rcmp\lib\librcmpz.a(rcmpbase.o)
0x8038EC9C	0x90	VP6_FRAME::VP6_FRAME(unsigned int, unsigned int)	C:\UEFA-BetaNGC\src\lib\gc\rcmp\lib\librcmpdecoderz.a(rcmp_vp6_codec.cpp.obj)
0x8038ED2C	0x6C	VP6_FRAME::~VP6_FRAME(void)	C:\UEFA-BetaNGC\src\lib\gc\rcmp\lib\librcmpdecoderz.a(rcmp_vp6_codec.cpp.obj)
0x8038ED98	0xBC	VP6_CODEC_INTERNAL::VP6_CODEC_INTERNAL(void)	C:\UEFA-BetaNGC\src\lib\gc\rcmp\lib\librcmpdecoderz.a(rcmp_vp6_codec.cpp.obj)
0x8038EE54	0x148	VP6_CODEC_INTERNAL::~VP6_CODEC_INTERNAL(void)	C:\UEFA-BetaNGC\src\lib\gc\rcmp\lib\librcmpdecoderz.a(rcmp_vp6_codec.cpp.obj)
0x8038EFC4	0x2B4	VP6_CODEC_INTERNAL::GetFrame(unsigned int)	C:\UEFA-BetaNGC\src\lib\gc\rcmp\lib\librcmpdecoderz.a(rcmp_vp6_codec.cpp.obj)
0x8038F2D8	0x98	VP6_CODEC_INTERNAL::DecodeChunk(RCMP::CHUNK *)	C:\UEFA-BetaNGC\src\lib\gc\rcmp\lib\librcmpdecoderz.a(rcmp_vp6_codec.cpp.obj)
0x8038F52C	0x40	RCMP::CODEC::~CODEC(void)	C:\UEFA-BetaNGC\src\lib\gc\rcmp\lib\librcmpdecoderz.a(rcmp_vp6_codec.cpp.obj)
0x8038F56C	0x88	MyAllocator::Alloc(unsigned int, EA::TagValuePair &)	C:\UEFA-BetaNGC\src\lib\gc\rcmp\lib\librcmpdecoderz.a(rcmp_vp6_codec.cpp.obj)
0x8038F5F4	0x44	MyAllocator::Free(void *, unsigned int)	C:\UEFA-BetaNGC\src\lib\gc\rcmp\lib\librcmpdecoderz.a(rcmp_vp6_codec.cpp.obj)
0x8038F64C	0x64	MyAllocator::Release(void)	C:\UEFA-BetaNGC\src\lib\gc\rcmp\lib\librcmpdecoderz.a(rcmp_vp6_codec.cpp.obj)
0x8038F754	0x30	RCMP::VP6_CODEC_is_chunk_for_codec(unsigned int)	C:\UEFA-BetaNGC\src\lib\gc\rcmp\lib\librcmpdecoderz.a(rcmp_vp6_codec_chunk_types.cpp.obj)
0x8038F7C8	0xBC	MAD_FRAME::MAD_FRAME(unsigned int, unsigned int)	C:\UEFA-BetaNGC\src\lib\gc\rcmp\lib\librcmpdecoderz.a(rcmp_mad_codec.cpp.obj)
0x8038F884	0x78	MAD_FRAME::~MAD_FRAME(void)	C:\UEFA-BetaNGC\src\lib\gc\rcmp\lib\librcmpdecoderz.a(rcmp_mad_codec.cpp.obj)
0x8038F8FC	0x58	MAD_CODEC_INTERNAL::MAD_CODEC_INTERNAL(void)	C:\UEFA-BetaNGC\src\lib\gc\rcmp\lib\librcmpdecoderz.a(rcmp_mad_codec.cpp.obj)
0x8038F954	0x138	MAD_CODEC_INTERNAL::~MAD_CODEC_INTERNAL(void)	C:\UEFA-BetaNGC\src\lib\gc\rcmp\lib\librcmpdecoderz.a(rcmp_mad_codec.cpp.obj)
0x8038FB28	0x3CC	MAD_CODEC_INTERNAL::DecodeChunk(RCMP::CHUNK *)	C:\UEFA-BetaNGC\src\lib\gc\rcmp\lib\librcmpdecoderz.a(rcmp_mad_codec.cpp.obj)
0x8038FEF4	0x12C	MAD_CODEC_INTERNAL::GetFrame(unsigned int)	C:\UEFA-BetaNGC\src\lib\gc\rcmp\lib\librcmpdecoderz.a(rcmp_mad_codec.cpp.obj)
0x80390214	0x34	RCMP::MAD_CODEC_is_chunk_for_codec(unsigned int)	C:\UEFA-BetaNGC\src\lib\gc\rcmp\lib\librcmpdecoderz.a(rcmp_mad_codec_chunk_types.cpp.obj)
0x803908EC	0xD8	MAD_initdecode(unsigned short *, int, int)	C:\UEFA-BetaNGC\src\lib\gc\rcmp\lib\librcmpdecoderz.a(maddec.cpp.obj)
0x803909C4	0x338	MAD_decodemacroblock(unsigned char *, unsigned char *, unsigned char *, unsigned char *, unsigned char *, unsigned char *, int)	C:\UEFA-BetaNGC\src\lib\gc\rcmp\lib\librcmpdecoderz.a(maddec.cpp.obj)
0x80390D54	0x16C	madvlcdecode	C:\UEFA-BetaNGC\src\lib\gc\rcmp\lib\librcmpdecoderz.a(maddeca.cpp.obj)
0x80391194	0x164	idctcompute	C:\UEFA-BetaNGC\src\lib\gc\rcmp\lib\librcmpdecoderz.a(madidct.cpp.obj)
0x80391C68	0x64	iSPCH_FindEventDatInfo	C:\uefa-betangc\packages\spch\3.16.00\libs\gcsn\libspchz.a(spchevnt.o)
0x80391CCC	0x54	iSPCH_FindEvent	C:\uefa-betangc\packages\spch\3.16.00\libs\gcsn\libspchz.a(spchevnt.o)
0x80391D20	0x50	iSPCH_FindEventChannel	C:\uefa-betangc\packages\spch\3.16.00\libs\gcsn\libspchz.a(spchevnt.o)
0x80391D70	0x54	iSPCH_GetDatID	C:\uefa-betangc\packages\spch\3.16.00\libs\gcsn\libspchz.a(spchevnt.o)
0x80391E2C	0x30	iSPCH_InitEventDat	C:\uefa-betangc\packages\spch\3.16.00\libs\gcsn\libspchz.a(spchevnt.o)
0x80391E5C	0x48	iSPCH_GetFilterLength	C:\uefa-betangc\packages\spch\3.16.00\libs\gcsn\libspchz.a(spchevnt.o)
0x8039223C	0x14C	SPCH_AddEventV	C:\uefa-betangc\packages\spch\3.16.00\libs\gcsn\libspchz.a(spchevnt.o)
0x80392708	0xC8	SPCH_ClearEventQueue	C:\uefa-betangc\packages\spch\3.16.00\libs\gcsn\libspchz.a(spchevnt.o)
0x803927E4	0xA0	iSPCH_ClearEvent(int)	C:\uefa-betangc\packages\spch\3.16.00\libs\gcsn\libspchz.a(spchevnt.o)
0x80392AA4	0xC8	SPCH_Choose	C:\uefa-betangc\packages\spch\3.16.00\libs\gcsn\libspchz.a(spchevnt.o)
0x80392BF4	0x34	iSPCH_InitInGame	C:\uefa-betangc\packages\spch\3.16.00\libs\gcsn\libspchz.a(spchinit.o)
0x80392C28	0x6C	SPCH_GetSampleDataRate	C:\uefa-betangc\packages\spch\3.16.00\libs\gcsn\libspchz.a(spchinit.o)
0x803943A8	0xB4	iSPCH_ClearSentenceChoiceChannel	C:\uefa-betangc\packages\spch\3.16.00\libs\gcsn\libspchz.a(spchpick.o)
0x8039445C	0x88	iSPCH_InitSentenceChoice	C:\uefa-betangc\packages\spch\3.16.00\libs\gcsn\libspchz.a(spchpick.o)
0x80394C0C	0xC8	iSPCH_ChooseSingleSentence	C:\uefa-betangc\packages\spch\3.16.00\libs\gcsn\libspchz.a(spchpick.o)
0x80394FD4	0xE0	iSPCH_Rand	C:\uefa-betangc\packages\spch\3.16.00\libs\gcsn\libspchz.a(spchrand.o)
0x80395250	0x48	SPCH_AddEventDB	C:\uefa-betangc\packages\spch\3.16.00\libs\gcsn\libspchz.a(spchrslv.o)
0x80395714	0x60	iSPCH_CheckSentenceRules	C:\uefa-betangc\packages\spch\3.16.00\libs\gcsn\libspchz.a(spchrule.o)
0x80395774	0x30	iSPCH_GetSampleParmAddr	C:\uefa-betangc\packages\spch\3.16.00\libs\gcsn\libspchz.a(spchsamp.o)
0x803957A4	0x88	iSPCH_GetSampleSizeData	C:\uefa-betangc\packages\spch\3.16.00\libs\gcsn\libspchz.a(spchsamp.o)
0x8039582C	0x38	SPCHEXT_gettick	C:\uefa-betangc\packages\spch\3.16.00\libs\gcsn\libspchz.a(sptick.o)
0x803959E0	0x64	Vp6::Alloc(int)	C:\UEFA-BetaNGC\src\lib\gc\vp6\lib\libvp6decodez.a(allocator.cpp.obj)
0x80395A44	0x50	Vp6::Free(void *)	C:\UEFA-BetaNGC\src\lib\gc\vp6\lib\libvp6decodez.a(allocator.cpp.obj)
0x80395A94	0xA4	VP6_DeleteTmpBuffers	C:\UEFA-BetaNGC\src\lib\gc\vp6\lib\libvp6decodez.a(pb_globals.c.obj)
0x80395B38	0xD0	VP6_AllocateTmpBuffers	C:\UEFA-BetaNGC\src\lib\gc\vp6\lib\libvp6decodez.a(pb_globals.c.obj)
0x80395C08	0x60	VP6_DeletePBInstance	C:\UEFA-BetaNGC\src\lib\gc\vp6\lib\libvp6decodez.a(pb_globals.c.obj)
0x80395C68	0x12C	VP6_CreatePBInstance	C:\UEFA-BetaNGC\src\lib\gc\vp6\lib\libvp6decodez.a(pb_globals.c.obj)
0x80395D94	0x80	VP6_VPInitLibrary	C:\UEFA-BetaNGC\src\lib\gc\vp6\lib\libvp6decodez.a(pb_globals.c.obj)
0x80395E18	0xE8	InitPostProcessing	C:\UEFA-BetaNGC\src\lib\gc\vp6\lib\libvp6decodez.a(postproc.c.obj)
0x80395F00	0xBC	DeletePostProcBuffers	C:\UEFA-BetaNGC\src\lib\gc\vp6\lib\libvp6decodez.a(postproc.c.obj)
0x80395FBC	0x158	AllocatePostProcBuffers	C:\UEFA-BetaNGC\src\lib\gc\vp6\lib\libvp6decodez.a(postproc.c.obj)
0x80396114	0xF8	ChangePostProcConfiguration	C:\UEFA-BetaNGC\src\lib\gc\vp6\lib\libvp6decodez.a(postproc.c.obj)
0x8039620C	0x68	CreatePostProcInstance	C:\UEFA-BetaNGC\src\lib\gc\vp6\lib\libvp6decodez.a(postproc.c.obj)
0x803962D4	0x54	UpdateFragQIndex	C:\UEFA-BetaNGC\src\lib\gc\vp6\lib\libvp6decodez.a(postproc.c.obj)
0x80396328	0x70	gaussian	C:\UEFA-BetaNGC\src\lib\gc\vp6\lib\libvp6decodez.a(postproc.c.obj)
0x80396398	0x26C	PlaneAddNoise_C	C:\UEFA-BetaNGC\src\lib\gc\vp6\lib\libvp6decodez.a(postproc.c.obj)
0x80396604	0x4D8	PostProcess	C:\UEFA-BetaNGC\src\lib\gc\vp6\lib\libvp6decodez.a(postproc.c.obj)
0x80396ADC	0x74	VP6_InitQTables	C:\UEFA-BetaNGC\src\lib\gc\vp6\lib\libvp6decodez.a(quantize.c.obj)
0x80396B50	0x3C	VP6_BuildQuantIndex_Generic	C:\UEFA-BetaNGC\src\lib\gc\vp6\lib\libvp6decodez.a(quantize.c.obj)
0x80396B8C	0xD0	VP6_init_dequantizer	C:\UEFA-BetaNGC\src\lib\gc\vp6\lib\libvp6decodez.a(quantize.c.obj)
0x80396C5C	0x68	VP6_UpdateQ	C:\UEFA-BetaNGC\src\lib\gc\vp6\lib\libvp6decodez.a(quantize.c.obj)
0x80396DF0	0x6C	VP6_CreateQuantizer	C:\UEFA-BetaNGC\src\lib\gc\vp6\lib\libvp6decodez.a(quantize.c.obj)
0x80396E5C	0xF0	FilterHoriz_Simple_C	C:\UEFA-BetaNGC\src\lib\gc\vp6\lib\libvp6decodez.a(simpledeblocker.c.obj)
0x80396F4C	0x108	FilterVert_Simple_C	C:\UEFA-BetaNGC\src\lib\gc\vp6\lib\libvp6decodez.a(simpledeblocker.c.obj)
0x80397054	0x21C	SimpleDeblockFrame	C:\UEFA-BetaNGC\src\lib\gc\vp6\lib\libvp6decodez.a(simpledeblocker.c.obj)
0x80397270	0xCC	VP6_StartDecoder	C:\UEFA-BetaNGC\src\lib\gc\vp6\lib\libvp6decodez.a(vfwpbdll_if.c.obj)
0x8039733C	0xFC	VP6_SetPbParam	C:\UEFA-BetaNGC\src\lib\gc\vp6\lib\libvp6decodez.a(vfwpbdll_if.c.obj)
0x80397438	0x3C4	VP6_GetYUVConfig	C:\UEFA-BetaNGC\src\lib\gc\vp6\lib\libvp6decodez.a(vfwpbdll_if.c.obj)
0x80397A4C	0x64	VP6_StopDecoder	C:\UEFA-BetaNGC\src\lib\gc\vp6\lib\libvp6decodez.a(vfwpbdll_if.c.obj)
0x80397AB4	0xBC	AverageBlock_C	C:\UEFA-BetaNGC\src\lib\gc\vp6\lib\libvp6decodez.a(vputil.c.obj)
0x80397B70	0x9C	SubtractBlock_C	C:\UEFA-BetaNGC\src\lib\gc\vp6\lib\libvp6decodez.a(vputil.c.obj)
0x80397C34	0x78	Copy12x12_C	C:\UEFA-BetaNGC\src\lib\gc\vp6\lib\libvp6decodez.a(vputil.c.obj)
0x80397CD0	0xEC	FilterBlock1d	C:\UEFA-BetaNGC\src\lib\gc\vp6\lib\libvp6decodez.a(vputil.c.obj)
0x80397DBC	0xEC	FilterBlock2dFirstPass	C:\UEFA-BetaNGC\src\lib\gc\vp6\lib\libvp6decodez.a(vputil.c.obj)
0x80397EA8	0xF0	FilterBlock2dSecondPass	C:\UEFA-BetaNGC\src\lib\gc\vp6\lib\libvp6decodez.a(vputil.c.obj)
0x80397F98	0x74	FilterBlock2d	C:\UEFA-BetaNGC\src\lib\gc\vp6\lib\libvp6decodez.a(vputil.c.obj)
0x8039800C	0x9C	FilterBlock2dBil_FirstPass	C:\UEFA-BetaNGC\src\lib\gc\vp6\lib\libvp6decodez.a(vputil.c.obj)
0x803980A8	0x90	FilterBlock1dBil_8	C:\UEFA-BetaNGC\src\lib\gc\vp6\lib\libvp6decodez.a(vputil.c.obj)
0x80398138	0x98	FilterBlock2dBil_SecondPass_8	C:\UEFA-BetaNGC\src\lib\gc\vp6\lib\libvp6decodez.a(vputil.c.obj)
0x803981D0	0x68	FilterBlock2dBil_8	C:\UEFA-BetaNGC\src\lib\gc\vp6\lib\libvp6decodez.a(vputil.c.obj)
0x80398238	0xEC	FilterBlockBil_8_C	C:\UEFA-BetaNGC\src\lib\gc\vp6\lib\libvp6decodez.a(vputil.c.obj)
0x80398324	0x158	PostProcMachineSpecificConfig	C:\UEFA-BetaNGC\src\lib\gc\vp6\lib\libvp6decodez.a(doptsystemdependant.c.obj)
0x80398498	0x15C	UtilMachineSpecificConfig	C:\UEFA-BetaNGC\src\lib\gc\vp6\lib\libvp6decodez.a(uoptsystemdependant.c.obj)
0x80398634	0x58	VP6_StartDecode	C:\UEFA-BetaNGC\src\lib\gc\vp6\lib\libvp6decodez.a(boolhuff.c.obj)
0x8039868C	0x2C0	UpdateUMVBorder	C:\UEFA-BetaNGC\src\lib\gc\vp6\lib\libvp6decodez.a(borders.c.obj)
0x8039894C	0x12C	CopyFrame	C:\UEFA-BetaNGC\src\lib\gc\vp6\lib\libvp6decodez.a(borders.c.obj)
0x80398A78	0xC8	ClampLevels_C	C:\UEFA-BetaNGC\src\lib\gc\vp6\lib\libvp6decodez.a(clamp.c.obj)
0x80398BEC	0x70	SetupDeblocker	C:\UEFA-BetaNGC\src\lib\gc\vp6\lib\libvp6decodez.a(deblock.c.obj)
0x80398C5C	0x384	DeblockVerticalEdgesInLoopFilteredBand	C:\UEFA-BetaNGC\src\lib\gc\vp6\lib\libvp6decodez.a(deblock.c.obj)
0x80398FE0	0x828	DeblockLoopFilteredBand_C	C:\UEFA-BetaNGC\src\lib\gc\vp6\lib\libvp6decodez.a(deblock.c.obj)
0x80399808	0x3E8	DeblockVerticalEdgesInNonFilteredBand	C:\UEFA-BetaNGC\src\lib\gc\vp6\lib\libvp6decodez.a(deblock.c.obj)
0x80399BF0	0x2B8	DeblockVerticalEdgesInNonFilteredBandNewFilter	C:\UEFA-BetaNGC\src\lib\gc\vp6\lib\libvp6decodez.a(deblock.c.obj)
0x80399EA8	0x8D0	DeblockNonFilteredBand_C	C:\UEFA-BetaNGC\src\lib\gc\vp6\lib\libvp6decodez.a(deblock.c.obj)
0x8039A778	0x6E8	DeblockNonFilteredBandNewFilter_C	C:\UEFA-BetaNGC\src\lib\gc\vp6\lib\libvp6decodez.a(deblock.c.obj)
0x8039AE60	0x1F8	DeblockPlane	C:\UEFA-BetaNGC\src\lib\gc\vp6\lib\libvp6decodez.a(deblock.c.obj)
0x8039B058	0x12C	DeblockPlaneNew	C:\UEFA-BetaNGC\src\lib\gc\vp6\lib\libvp6decodez.a(deblock.c.obj)
0x8039B184	0x12C	DeblockFrame	C:\UEFA-BetaNGC\src\lib\gc\vp6\lib\libvp6decodez.a(deblock.c.obj)
0x8039B2B0	0x134	DeblockFrameInterlaced	C:\UEFA-BetaNGC\src\lib\gc\vp6\lib\libvp6decodez.a(deblock.c.obj)
0x8039B3E4	0x98	BuildScanOrder	C:\UEFA-BetaNGC\src\lib\gc\vp6\lib\libvp6decodez.a(decodembs.c.obj)
0x8039B47C	0x15C	BoolTreeToHuffCodes	C:\UEFA-BetaNGC\src\lib\gc\vp6\lib\libvp6decodez.a(decodembs.c.obj)
0x8039B5D8	0x118	ZerosBoolTreeToHuffCodes	C:\UEFA-BetaNGC\src\lib\gc\vp6\lib\libvp6decodez.a(decodembs.c.obj)
0x8039B6F0	0x258	ConvertBoolTrees	C:\UEFA-BetaNGC\src\lib\gc\vp6\lib\libvp6decodez.a(decodembs.c.obj)
0x8039B948	0x2E0	VP6_ConfigureEntropyDecoder	C:\UEFA-BetaNGC\src\lib\gc\vp6\lib\libvp6decodez.a(decodembs.c.obj)
0x8039BC28	0xA0	VP6_ResetLeftContext	C:\UEFA-BetaNGC\src\lib\gc\vp6\lib\libvp6decodez.a(decodembs.c.obj)
0x8039BCC8	0x194	VP6_ResetAboveContext	C:\UEFA-BetaNGC\src\lib\gc\vp6\lib\libvp6decodez.a(decodembs.c.obj)
0x8039BE5C	0x7E0	VP6_ReadTokensPredictA	C:\UEFA-BetaNGC\src\lib\gc\vp6\lib\libvp6decodez.a(decodembs.c.obj)
0x8039C63C	0x344	VP6_DecodeFrameMbs	C:\UEFA-BetaNGC\src\lib\gc\vp6\lib\libvp6decodez.a(decodembs.c.obj)
0x8039C980	0x2B8	VP6_BuildModeTree	C:\UEFA-BetaNGC\src\lib\gc\vp6\lib\libvp6decodez.a(decodemode.c.obj)
0x8039CC38	0x100	VP6_decodeModeDiff	C:\UEFA-BetaNGC\src\lib\gc\vp6\lib\libvp6decodez.a(decodemode.c.obj)
0x8039CD38	0x150	VP6_DecodeModeProbs	C:\UEFA-BetaNGC\src\lib\gc\vp6\lib\libvp6decodez.a(decodemode.c.obj)
0x8039CE88	0x1D0	VP6_ConfigureMvEntropyDecoder	C:\UEFA-BetaNGC\src\lib\gc\vp6\lib\libvp6decodez.a(decodemv.c.obj)
0x8039D058	0xC8	CFastDeInterlace	C:\UEFA-BetaNGC\src\lib\gc\vp6\lib\libvp6decodez.a(DeInterlace.c.obj)
0x8039D120	0x710	DeringBlockStrong_C	C:\UEFA-BetaNGC\src\lib\gc\vp6\lib\libvp6decodez.a(dering.c.obj)
0x8039D830	0x284	DeringBlockWeak_C	C:\UEFA-BetaNGC\src\lib\gc\vp6\lib\libvp6decodez.a(dering.c.obj)
0x8039DAB4	0x610	DeringFrame	C:\UEFA-BetaNGC\src\lib\gc\vp6\lib\libvp6decodez.a(dering.c.obj)
0x8039E0C4	0x850	DeringFrameInterlaced	C:\UEFA-BetaNGC\src\lib\gc\vp6\lib\libvp6decodez.a(dering.c.obj)
0x8039E914	0x44	InitHeaderBuffer	C:\UEFA-BetaNGC\src\lib\gc\vp6\lib\libvp6decodez.a(DFrameR.c.obj)
0x8039E958	0x88	ReadHeaderBits	C:\UEFA-BetaNGC\src\lib\gc\vp6\lib\libvp6decodez.a(DFrameR.c.obj)
0x8039EF48	0x3C	VP6_LoadFrame	C:\UEFA-BetaNGC\src\lib\gc\vp6\lib\libvp6decodez.a(DFrameR.c.obj)
0x8039EF84	0x50	VP6_bitread	C:\UEFA-BetaNGC\src\lib\gc\vp6\lib\libvp6decodez.a(DFrameR.c.obj)
0x8039EFD4	0xEC	VP6_DeleteFragmentInfo	C:\UEFA-BetaNGC\src\lib\gc\vp6\lib\libvp6decodez.a(FrameIni.c.obj)
0x8039F0C0	0x1A4	VP6_AllocateFragmentInfo	C:\UEFA-BetaNGC\src\lib\gc\vp6\lib\libvp6decodez.a(FrameIni.c.obj)
0x8039F264	0x88	VP6_DeleteFrameInfo	C:\UEFA-BetaNGC\src\lib\gc\vp6\lib\libvp6decodez.a(FrameIni.c.obj)
0x8039F2EC	0xBC	VP6_AllocateFrameInfo	C:\UEFA-BetaNGC\src\lib\gc\vp6\lib\libvp6decodez.a(FrameIni.c.obj)
0x8039F3A8	0x214	VP6_InitFrameDetails	C:\UEFA-BetaNGC\src\lib\gc\vp6\lib\libvp6decodez.a(FrameIni.c.obj)
0x8039F654	0x1A0	VP6_BuildHuffTree	C:\UEFA-BetaNGC\src\lib\gc\vp6\lib\libvp6decodez.a(Huffman.c.obj)
0x8039F7F4	0x7C	VP6_BuildHuffLookupTable	C:\UEFA-BetaNGC\src\lib\gc\vp6\lib\libvp6decodez.a(Huffman.c.obj)
0x8039F870	0xDC	VP6_CreateCodeArray	C:\UEFA-BetaNGC\src\lib\gc\vp6\lib\libvp6decodez.a(Huffman.c.obj)
0x8039F9F8	0x70	FilterHoriz_Generic	C:\UEFA-BetaNGC\src\lib\gc\vp6\lib\libvp6decodez.a(loopfilter.c.obj)
0x8039FA68	0x98	FilterVert_Generic	C:\UEFA-BetaNGC\src\lib\gc\vp6\lib\libvp6decodez.a(loopfilter.c.obj)
0x8039FE10	0x15C	SatUnsigned8	C:\UEFA-BetaNGC\src\lib\gc\vp6\lib\libvp6decodez.a(reconstruct.c.obj)
0x8039FF6C	0x134	ScalarReconInterHalfPixel2	C:\UEFA-BetaNGC\src\lib\gc\vp6\lib\libvp6decodez.a(reconstruct.c.obj)
0x803A00A0	0x38	HorizontalLine_Copy	C:\UEFA-BetaNGC\src\lib\gc\vp6\lib\libvp6decodez.a(scale.c.obj)
0x803A00DC	0xF8	HorizontalLine_4_5_Scale_C	C:\UEFA-BetaNGC\src\lib\gc\vp6\lib\libvp6decodez.a(scale.c.obj)
0x803A01D4	0xB4	VerticalBand_4_5_Scale_C	C:\UEFA-BetaNGC\src\lib\gc\vp6\lib\libvp6decodez.a(scale.c.obj)
0x803A0288	0x88	LastVerticalBand_4_5_Scale_C	C:\UEFA-BetaNGC\src\lib\gc\vp6\lib\libvp6decodez.a(scale.c.obj)
0x803A0310	0xF8	HorizontalLine_3_5_Scale_C	C:\UEFA-BetaNGC\src\lib\gc\vp6\lib\libvp6decodez.a(scale.c.obj)
0x803A0408	0xB4	VerticalBand_3_5_Scale_C	C:\UEFA-BetaNGC\src\lib\gc\vp6\lib\libvp6decodez.a(scale.c.obj)
0x803A04BC	0x98	LastVerticalBand_3_5_Scale_C	C:\UEFA-BetaNGC\src\lib\gc\vp6\lib\libvp6decodez.a(scale.c.obj)
0x803A0554	0x4C	HorizontalLine_1_2_Scale_C	C:\UEFA-BetaNGC\src\lib\gc\vp6\lib\libvp6decodez.a(scale.c.obj)
0x803A05A0	0x3C	VerticalBand_1_2_Scale_C	C:\UEFA-BetaNGC\src\lib\gc\vp6\lib\libvp6decodez.a(scale.c.obj)
0x803A0604	0x280	AnyRatio_2D_Scale	C:\UEFA-BetaNGC\src\lib\gc\vp6\lib\libvp6decodez.a(scale.c.obj)
0x803A0884	0x270	AnyRatioFrameScale	C:\UEFA-BetaNGC\src\lib\gc\vp6\lib\libvp6decodez.a(scale.c.obj)
0x803A0AF4	0x1A8	CenterImage	C:\UEFA-BetaNGC\src\lib\gc\vp6\lib\libvp6decodez.a(scale.c.obj)
0x803A0C9C	0xB8	ScaleOrCenter	C:\UEFA-BetaNGC\src\lib\gc\vp6\lib\libvp6decodez.a(scale.c.obj)
0x803A0D54	0xC4	VP6_ConfigureContexts	C:\UEFA-BetaNGC\src\lib\gc\vp6\lib\libvp6decodez.a(TokenEntropy.c.obj)
0x803A0E18	0xA4	VP6_DecodeBool	C:\UEFA-BetaNGC\src\lib\gc\vp6\lib\libvp6decodez.a(criticalpath.c.obj)
0x803A0EBC	0x7C	VP6_DecodeBool128	C:\UEFA-BetaNGC\src\lib\gc\vp6\lib\libvp6decodez.a(criticalpath.c.obj)
0x803A0F38	0x94	nDecodeBool	C:\UEFA-BetaNGC\src\lib\gc\vp6\lib\libvp6decodez.a(criticalpath.c.obj)
0x803A0FCC	0x1278	VP6_DecodeBlock	C:\UEFA-BetaNGC\src\lib\gc\vp6\lib\libvp6decodez.a(criticalpath.c.obj)
0x803A2244	0x2E0	VP6_DecodeMacroBlock	C:\UEFA-BetaNGC\src\lib\gc\vp6\lib\libvp6decodez.a(criticalpath.c.obj)
0x803A2524	0x84	VP6_DecodeBlockMode	C:\UEFA-BetaNGC\src\lib\gc\vp6\lib\libvp6decodez.a(criticalpath.c.obj)
0x803A25A8	0x12C	VP6_DecodeMode	C:\UEFA-BetaNGC\src\lib\gc\vp6\lib\libvp6decodez.a(criticalpath.c.obj)
0x803A26D4	0x370	VP6_decodeModeAndMotionVector	C:\UEFA-BetaNGC\src\lib\gc\vp6\lib\libvp6decodez.a(criticalpath.c.obj)
0x803A2A44	0x258	VP6_decodeMotionVector	C:\UEFA-BetaNGC\src\lib\gc\vp6\lib\libvp6decodez.a(criticalpath.c.obj)
0x803A2C9C	0x150	VP6_FindNearestandNextNearest	C:\UEFA-BetaNGC\src\lib\gc\vp6\lib\libvp6decodez.a(criticalpath.c.obj)
0x803A2DEC	0x2E4	VP6_PredictFilteredBlock	C:\UEFA-BetaNGC\src\lib\gc\vp6\lib\libvp6decodez.a(criticalpath.c.obj)
0x803A30D0	0xF0	VP6_ReconstructBlock	C:\UEFA-BetaNGC\src\lib\gc\vp6\lib\libvp6decodez.a(criticalpath.c.obj)
0x803A31C0	0x54	ScalarReconIntra_GC	C:\UEFA-BetaNGC\src\lib\gc\vp6\lib\libvp6decodez.a(criticalpath.c.obj)
0x803A3214	0x5C	ScalarReconInter_GC	C:\UEFA-BetaNGC\src\lib\gc\vp6\lib\libvp6decodez.a(criticalpath.c.obj)
0x803A3270	0x5C	ReconBlock_GC	C:\UEFA-BetaNGC\src\lib\gc\vp6\lib\libvp6decodez.a(criticalpath.c.obj)
0x803A3D0C	0x40	IDct1_GC	C:\UEFA-BetaNGC\src\lib\gc\vp6\lib\libvp6decodez.a(criticalpath.c.obj)
0x803A3D4C	0x38	UnpackBlock_GC	C:\UEFA-BetaNGC\src\lib\gc\vp6\lib\libvp6decodez.a(criticalpath.c.obj)
0x803A3D84	0x84	FilterBlock1dBil_GC	C:\UEFA-BetaNGC\src\lib\gc\vp6\lib\libvp6decodez.a(criticalpath.c.obj)
0x803A3E08	0x104	FilterBlock2dBil_GC	C:\UEFA-BetaNGC\src\lib\gc\vp6\lib\libvp6decodez.a(criticalpath.c.obj)
0x803A3F0C	0x188	FilterBlock_GC	C:\UEFA-BetaNGC\src\lib\gc\vp6\lib\libvp6decodez.a(criticalpath.c.obj)
0x803A4094	0x70	Var16Point	C:\UEFA-BetaNGC\src\lib\gc\vp6\lib\libvp6decodez.a(recon.c.obj)
0x803A4104	0x110	VP6_PredictFiltered	C:\UEFA-BetaNGC\src\lib\gc\vp6\lib\libvp6decodez.a(recon.c.obj)
0x803A424C	0x254	SNDAEMSI_updatedestroy(AemsDef::DESTROYSTATE *)	C:\UEFA-BetaNGC\src\lib\gc\snd\lib\libsndgcz.a(saems.o)
0x803A44A0	0xBC	UpdateCallFunction(AemsDef::CallFunctionState *)	C:\UEFA-BetaNGC\src\lib\gc\snd\lib\libsndgcz.a(saems.o)
0x803A455C	0x1CC	UpdateControlClass(AemsDef::ControlClassState *)	C:\UEFA-BetaNGC\src\lib\gc\snd\lib\libsndgcz.a(saems.o)
0x803A4728	0x68	UpdateSetGlobalVariable(AemsDef::SetGlobalVariableState *)	C:\UEFA-BetaNGC\src\lib\gc\snd\lib\libsndgcz.a(saems.o)
0x803A4790	0x7C	SNDAEMSI_updatecounter(AemsDef::COUNTERSTATE *)	C:\UEFA-BetaNGC\src\lib\gc\snd\lib\libsndgcz.a(saems.o)
0x803A480C	0x5C	SNDAEMSI_updaterandom(AemsDef::RANDOMSTATE *)	C:\UEFA-BetaNGC\src\lib\gc\snd\lib\libsndgcz.a(saems.o)
0x803A4868	0x10C	SNDAEMSI_updaterandomshuffle(AemsDef::RANDOMSHUFFLESTATE *)	C:\UEFA-BetaNGC\src\lib\gc\snd\lib\libsndgcz.a(saems.o)
0x803A4974	0xB4	SNDAEMSI_updaterandomweighted(AemsDef::RANDOMWEIGHTEDSTATE *)	C:\UEFA-BetaNGC\src\lib\gc\snd\lib\libsndgcz.a(saems.o)
0x803A4A28	0x74	SNDAEMSI_updaterangetrig(AemsDef::RANGETRIGSTATE *)	C:\UEFA-BetaNGC\src\lib\gc\snd\lib\libsndgcz.a(saems.o)
0x803A4A9C	0xA4	SNDAEMSI_updatedelaytrig(AemsDef::DELAYTRIGSTATE *)	C:\UEFA-BetaNGC\src\lib\gc\snd\lib\libsndgcz.a(saems.o)
0x803A4B40	0x60	SNDAEMSI_updatestategen(AemsDef::STATEGENSTATE *)	C:\UEFA-BetaNGC\src\lib\gc\snd\lib\libsndgcz.a(saems.o)
0x803A4BA0	0x44	SNDAEMSI_updatemerge(AemsDef::MERGETRIGSTATE *)	C:\UEFA-BetaNGC\src\lib\gc\snd\lib\libsndgcz.a(saems.o)
0x803A4C20	0x188	SNDAEMSI_updateenvelope(AemsDef::ENVELOPESTATE *)	C:\UEFA-BetaNGC\src\lib\gc\snd\lib\libsndgcz.a(saems.o)
0x803A4DA8	0x254	SNDAEMSI_updatetable(AemsDef::TABLESTATE *)	C:\UEFA-BetaNGC\src\lib\gc\snd\lib\libsndgcz.a(saems.o)
0x803A4FFC	0x114	SNDAEMSI_updatedelayline(AemsDef::DELAYLINESTATE *)	C:\UEFA-BetaNGC\src\lib\gc\snd\lib\libsndgcz.a(saems.o)
0x803A5110	0x30	SNDAEMSI_updatemux(AemsDef::MUXSTATE *)	C:\UEFA-BetaNGC\src\lib\gc\snd\lib\libsndgcz.a(saems.o)
0x803A5140	0x50	SNDAEMSI_updatedemux(AemsDef::DEMUXSTATE *)	C:\UEFA-BetaNGC\src\lib\gc\snd\lib\libsndgcz.a(saems.o)
0x803A5190	0x44	SNDAEMSI_updatemin(AemsDef::MINSTATE *)	C:\UEFA-BetaNGC\src\lib\gc\snd\lib\libsndgcz.a(saems.o)
0x803A51F0	0x44	SNDAEMSI_updatemax(AemsDef::MAXSTATE *)	C:\UEFA-BetaNGC\src\lib\gc\snd\lib\libsndgcz.a(saems.o)
0x803A5250	0xBC	SNDAEMSI_updatescale(AemsDef::SCALESTATE *)	C:\UEFA-BetaNGC\src\lib\gc\snd\lib\libsndgcz.a(saems.o)
0x803A530C	0x9C	SNDAEMSI_updatescale2(AemsDef::SCALE2STATE *)	C:\UEFA-BetaNGC\src\lib\gc\snd\lib\libsndgcz.a(saems.o)
0x803A53A8	0x3C	SNDAEMSI_updateadd(AemsDef::ADDSTATE *)	C:\UEFA-BetaNGC\src\lib\gc\snd\lib\libsndgcz.a(saems.o)
0x803A5944	0xB0	SNDAEMSI_playerplaybank(AemsDef::PLAYERSTATE *, AemsDef::SAMPLEENTRY *)	C:\UEFA-BetaNGC\src\lib\gc\snd\lib\libsndgcz.a(saems.o)
0x803A5A18	0x40	SNDAEMSI_playerpausebank(AemsDef::PLAYERHANDLE)	C:\UEFA-BetaNGC\src\lib\gc\snd\lib\libsndgcz.a(saems.o)
0x803A5A58	0xA8	SNDAEMSI_playerunpausebank(AemsDef::PLAYERSTATE *)	C:\UEFA-BetaNGC\src\lib\gc\snd\lib\libsndgcz.a(saems.o)
0x803A5B00	0x38	SNDAEMSI_playerresetoutputs(AemsDef::PLAYERSTATE *)	C:\UEFA-BetaNGC\src\lib\gc\snd\lib\libsndgcz.a(saems.o)
0x803A5D18	0x1FC	SNDAEMSI_updateplayer(AemsDef::PLAYERSTATE *)	C:\UEFA-BetaNGC\src\lib\gc\snd\lib\libsndgcz.a(saems.o)
0x803A5F14	0x220	SNDAEMSI_updateoscillator(AemsDef::OSCILLATORSTATE *)	C:\UEFA-BetaNGC\src\lib\gc\snd\lib\libsndgcz.a(saems.o)
0x803A62E0	0x4C	SNDAEMSI_updateaddmax(AemsDef::ADDMAXSTATE *)	C:\UEFA-BetaNGC\src\lib\gc\snd\lib\libsndgcz.a(saems.o)
0x803A63A0	0x34	SNDAEMSI_SetClassData(Csis::Parameter *, void *)	C:\UEFA-BetaNGC\src\lib\gc\snd\lib\libsndgcz.a(saems.o)
0x803A63D4	0x3C	CsisFunctionCallback(Csis::Parameter *, void *)	C:\UEFA-BetaNGC\src\lib\gc\snd\lib\libsndgcz.a(saems.o)
0x803A6410	0x1DC	SNDAEMSI_CreateModuleInstance(Csis::Class *, Csis::Parameter *, void *)	C:\UEFA-BetaNGC\src\lib\gc\snd\lib\libsndgcz.a(saems.o)
0x803A65EC	0x58	SNDAEMSI_restore(void)	C:\UEFA-BetaNGC\src\lib\gc\snd\lib\libsndgcz.a(saems.o)
0x803A6B64	0x1B8	SNDAEMS_addmodulebank	C:\UEFA-BetaNGC\src\lib\gc\snd\lib\libsndgcz.a(saemsamb.o)
0x803A6D80	0x110	SNDAEMSI_streamgethandle(int)	C:\UEFA-BetaNGC\src\lib\gc\snd\lib\libsndgcz.a(saemsstr.o)
0x803A6FF4	0x44	SNDAEMSI_streamfxwet0(int, int)	C:\UEFA-BetaNGC\src\lib\gc\snd\lib\libsndgcz.a(saemsstr.o)
0x803A710C	0x174	SNDAEMSI_playerplaystream(AemsDef::PLAYERSTATE *, AemsDef::SAMPLEENTRY *)	C:\UEFA-BetaNGC\src\lib\gc\snd\lib\libsndgcz.a(saemsstr.o)
0x803A7280	0xDC	SNDAEMSI_playerstopstream(AemsDef::PLAYERSTATE *)	C:\UEFA-BetaNGC\src\lib\gc\snd\lib\libsndgcz.a(saemsstr.o)
0x803A73D4	0xBC	SNDAEMSI_playerunpausestream(AemsDef::PLAYERSTATE *)	C:\UEFA-BetaNGC\src\lib\gc\snd\lib\libsndgcz.a(saemsstr.o)
0x803A7490	0x318	SNDAEMSI_playerupdatestream(AemsDef::PLAYERSTATE *)	C:\UEFA-BetaNGC\src\lib\gc\snd\lib\libsndgcz.a(saemsstr.o)
0x803A77A8	0x17C	SNDAEMSI_streamsystemtask(void)	C:\UEFA-BetaNGC\src\lib\gc\snd\lib\libsndgcz.a(saemsstr.o)
0x803A7924	0x1B8	SNDAEMS_streaminit	C:\UEFA-BetaNGC\src\lib\gc\snd\lib\libsndgcz.a(saemsstr.o)
0x803A7B74	0x78	SNDAEMSI_timerupdate(void *)	C:\UEFA-BetaNGC\src\lib\gc\snd\lib\libsndgcz.a(saemstimupdt.o)
0x803A7BEC	0x40	SNDVOICEI_isreserved(int, int)	C:\UEFA-BetaNGC\src\lib\gc\snd\lib\libsndgcz.a(salloc.o)
0x803A81E0	0xC8	SNDBANKI_userdatacallback(SNDIPATCHHEADER *, int)	C:\UEFA-BetaNGC\src\lib\gc\snd\lib\libsndgcz.a(sbadd.o)
0x803A82A8	0x190	SNDbankadd	C:\UEFA-BetaNGC\src\lib\gc\snd\lib\libsndgcz.a(sbadd.o)
0x803A8438	0x44	SNDBANKI_alloc(void)	C:\UEFA-BetaNGC\src\lib\gc\snd\lib\libsndgcz.a(sballoc.o)
0x803A847C	0x40	SNDBANKI_getppatch(BANKVER5 *, int)	C:\UEFA-BetaNGC\src\lib\gc\snd\lib\libsndgcz.a(sballoc.o)
0x803A84BC	0x74	SNDbankheadercopy	C:\UEFA-BetaNGC\src\lib\gc\snd\lib\libsndgcz.a(sbhdrcpy.o)
0x803A87D8	0x5C	SNDBANKI_valid(int)	C:\UEFA-BetaNGC\src\lib\gc\snd\lib\libsndgcz.a(sbvalid.o)
0x803A8A20	0x12C	Snd::Aems::AddAems1CompatibilitySystem(void *)	C:\UEFA-BetaNGC\src\lib\gc\snd\lib\libsndgcz.a(sevent.o)
0x803A8B4C	0x90	Snd::Aems::RemoveAems1CompatibilitySystem(void)	C:\UEFA-BetaNGC\src\lib\gc\snd\lib\libsndgcz.a(sevent.o)
0x803A8E00	0x68	SNDMEMI_init(void *, int)	C:\UEFA-BetaNGC\src\lib\gc\snd\lib\libsndgcz.a(smemman.o)
0x803A8E88	0x204	SNDMEMI_allocz(int)	C:\UEFA-BetaNGC\src\lib\gc\snd\lib\libsndgcz.a(smemman.o)
0x803A908C	0xC0	SNDMEMI_free(void *)	C:\UEFA-BetaNGC\src\lib\gc\snd\lib\libsndgcz.a(smemman.o)
0x803A925C	0x38	SNDPROFILE_outputlatency	C:\UEFA-BetaNGC\src\lib\gc\snd\lib\libsndgcz.a(spoutlat.o)
0x803A9294	0x34	SNDI_randomseed(unsigned int)	C:\UEFA-BetaNGC\src\lib\gc\snd\lib\libsndgcz.a(srandom.o)
0x803A93D0	0x80	SNDBANKI_asyncresolvepatch(int, TAGGEDPATCH *, char *, int *)	C:\UEFA-BetaNGC\src\lib\gc\snd\lib\libsndgcz.a(sresopat.o)
0x803A975C	0x40	SNDSYS_entercritical	C:\UEFA-BetaNGC\src\lib\gc\snd\lib\libsndgcz.a(sserver.o)
0x803A979C	0x40	SNDSYS_leavecritical	C:\UEFA-BetaNGC\src\lib\gc\snd\lib\libsndgcz.a(sserver.o)
0x803A9830	0x80	iSNDsin(int)	C:\UEFA-BetaNGC\src\lib\gc\snd\lib\libsndgcz.a(ssine.o)
0x803A9BEC	0x78	SNDSTRMI_calcdatarate(SNDSAMPLEFORMAT *)	C:\UEFA-BetaNGC\src\lib\gc\snd\lib\libsndgcz.a(sst.o)
0x803A9C64	0x5C	SNDSTRMI_destroyall(void)	C:\UEFA-BetaNGC\src\lib\gc\snd\lib\libsndgcz.a(sst.o)
0x803A9CC0	0x34	SNDSTRMI_getstreamptr(int)	C:\UEFA-BetaNGC\src\lib\gc\snd\lib\libsndgcz.a(sst.o)
0x803A9CF4	0x68	SNDSTRMI_removerequest(int)	C:\UEFA-BetaNGC\src\lib\gc\snd\lib\libsndgcz.a(sst.o)
0x803A9D5C	0x3C	SNDSTRMI_releasecallback(void *, void *)	C:\UEFA-BetaNGC\src\lib\gc\snd\lib\libsndgcz.a(sst.o)
0x803A9D98	0xA8	SNDSTRMI_framescallback(int, int, void *)	C:\UEFA-BetaNGC\src\lib\gc\snd\lib\libsndgcz.a(sst.o)
0x803A9E40	0x23C	SNDSTRMI_parseheader(int, STREAMCHUNKHDR *)	C:\UEFA-BetaNGC\src\lib\gc\snd\lib\libsndgcz.a(sst.o)
0x803AA07C	0x118	SNDSTRMI_parsedata(SNDSTREAMCHANNEL *, STREAMCHUNKHDR *)	C:\UEFA-BetaNGC\src\lib\gc\snd\lib\libsndgcz.a(sst.o)
0x803AA194	0x78	SNDSTRMI_parsechunk(int, STREAMCHUNKHDR *)	C:\UEFA-BetaNGC\src\lib\gc\snd\lib\libsndgcz.a(sst.o)
0x803AA20C	0xDC	SNDSTRMI_isheld(SNDSTREAMCHANNEL *)	C:\UEFA-BetaNGC\src\lib\gc\snd\lib\libsndgcz.a(sst.o)
0x803AA2E8	0x180	SNDSTRMI_service(void)	C:\UEFA-BetaNGC\src\lib\gc\snd\lib\libsndgcz.a(sst.o)
0x803AA468	0x48	SNDSTRMI_numcreated(void)	C:\UEFA-BetaNGC\src\lib\gc\snd\lib\libsndgcz.a(sst.o)
0x803AB13C	0x40	SNDSTRM_createtap	C:\UEFA-BetaNGC\src\lib\gc\snd\lib\libsndgcz.a(sstcrtap.o)
0x803AB310	0x78	SNDSTRMI_getrequestptr(int)	C:\UEFA-BetaNGC\src\lib\gc\snd\lib\libsndgcz.a(sstgetrp.o)
0x803AB3D8	0x58	SNDSTRM_modifyhold	C:\UEFA-BetaNGC\src\lib\gc\snd\lib\libsndgcz.a(ssthold.o)
0x803AB480	0x60	SNDstop	C:\UEFA-BetaNGC\src\lib\gc\snd\lib\libsndgcz.a(sstop.o)
0x803AB528	0x44	SNDSTRM_overhead	C:\UEFA-BetaNGC\src\lib\gc\snd\lib\libsndgcz.a(sstovrhd.o)
0x803AB56C	0x5C	SNDSTRM_pitchmult	C:\UEFA-BetaNGC\src\lib\gc\snd\lib\libsndgcz.a(sstpmult.o)
0x803AB858	0x4C	SNDSTRM_setgreedylevel	C:\UEFA-BetaNGC\src\lib\gc\snd\lib\libsndgcz.a(sstsetgl.o)
0x803AB8A4	0xE0	SNDSTRM_status	C:\UEFA-BetaNGC\src\lib\gc\snd\lib\libsndgcz.a(sststat.o)
0x803AC134	0x30	Snd::System::Restore(void)	C:\UEFA-BetaNGC\src\lib\gc\snd\lib\libsndgcz.a(ssys.o)
0x803AC7F0	0x9C	iSNDserverremoveclient(void (*)(void))	C:\UEFA-BetaNGC\src\lib\gc\snd\lib\libsndgcz.a(ssysserv.o)
0x803AC88C	0x78	SNDSYS_service	C:\UEFA-BetaNGC\src\lib\gc\snd\lib\libsndgcz.a(ssysserv.o)
0x803AC944	0x3C	Snd::System::VectorToCsisMutex(void)	C:\UEFA-BetaNGC\src\lib\gc\snd\lib\libsndgcz.a(ssysveccsismutex.o)
0x803AD9BC	0x70	SNDSYS_vectortoreal	C:\UEFA-BetaNGC\src\lib\gc\snd\lib\libsndgcz.a(ssysreal.o)
0x803AE550	0x9C	SNDDRV_freenextframe(void)	C:\UEFA-BetaNGC\src\lib\gc\snd\lib\libsndgcz.a(snddrv.o)
0x803AEA78	0x8C	SNDDRV_dmaslotenter(int)	C:\UEFA-BetaNGC\src\lib\gc\snd\lib\libsndgcz.a(snddrv.o)
0x803AEB04	0x4C	SNDDRV_dmcallback(unsigned long)	C:\UEFA-BetaNGC\src\lib\gc\snd\lib\libsndgcz.a(snddrv.o)
0x803AEB50	0x120	SNDDRV_dmapost(unsigned long, void *, void *, unsigned long, int)	C:\UEFA-BetaNGC\src\lib\gc\snd\lib\libsndgcz.a(snddrv.o)
0x803AEC70	0x98	SNDDRV_restoredma(int)	C:\UEFA-BetaNGC\src\lib\gc\snd\lib\libsndgcz.a(snddrv.o)
0x803AEE98	0xF0	SNDDRV_initmixer(void)	C:\UEFA-BetaNGC\src\lib\gc\snd\lib\libsndgcz.a(snddrv.o)
0x803AEF88	0x8C	SNDDRV_restoremixer(void)	C:\UEFA-BetaNGC\src\lib\gc\snd\lib\libsndgcz.a(snddrv.o)
0x803AF014	0x224	SNDDRV_fillbufwithpackets(int, SNDDRVPKTCHAN *, CHANPUB *)	C:\UEFA-BetaNGC\src\lib\gc\snd\lib\libsndgcz.a(snddrv.o)
0x803AFD44	0x44	SNDPLATFORM_getvoicerange(int, int *, int *)	C:\UEFA-BetaNGC\src\lib\gc\snd\lib\libsndgcz.a(snddrv.o)
0x803AFD88	0x38	SNDPLATFORM_asyncresolvetimbre(SNDIPATCHHEADER *, char *, int *)	C:\UEFA-BetaNGC\src\lib\gc\snd\lib\libsndgcz.a(snddrv.o)
0x803B0368	0xC4	SNDPLATFORM_packetplaycreate(int, void *)	C:\UEFA-BetaNGC\src\lib\gc\snd\lib\libsndgcz.a(snddrv.o)
0x803B0714	0x84	SNDPLATFORM_packetplaydestroy(int)	C:\UEFA-BetaNGC\src\lib\gc\snd\lib\libsndgcz.a(snddrv.o)
0x803B1118	0x44	SNDPLATFORM_memalloc(int, int)	C:\UEFA-BetaNGC\src\lib\gc\snd\lib\libsndgcz.a(snddrv.o)
0x803B115C	0x4C	SNDPLATFORM_memfree(int, unsigned int)	C:\UEFA-BetaNGC\src\lib\gc\snd\lib\libsndgcz.a(snddrv.o)
0x803B11A8	0x54	SNDPLATFORM_download(int, void *, void *, int)	C:\UEFA-BetaNGC\src\lib\gc\snd\lib\libsndgcz.a(snddrv.o)
0x803B11FC	0xA8	SNDPLATFORM_downloadcomplete(int)	C:\UEFA-BetaNGC\src\lib\gc\snd\lib\libsndgcz.a(snddrv.o)
0x803B14D0	0x84	SNDSYS_linkmaincpumixer	C:\UEFA-BetaNGC\src\lib\gc\snd\lib\libsndgcz.a(slinkmix.o)
0x803B1554	0x1A0	MIXI_interpolateto0(float *, float *)	C:\UEFA-BetaNGC\src\lib\gc\snd\lib\libsndgcz.a(smixer.o)
0x803B16F4	0x1C8	MIXI_interpolatemix(float, float, float *, float *)	C:\UEFA-BetaNGC\src\lib\gc\snd\lib\libsndgcz.a(smixer.o)
0x803B21AC	0x40	MIXI_stop(int)	C:\UEFA-BetaNGC\src\lib\gc\snd\lib\libsndgcz.a(smixer.o)
0x803B2F48	0x124	stretchframesneeded(void *, int)	C:\UEFA-BetaNGC\src\lib\gc\snd\lib\libsndgcz.a(stretch.o)
0x803B306C	0x148	stretch(void *, int, float *, float *)	C:\UEFA-BetaNGC\src\lib\gc\snd\lib\libsndgcz.a(stretch.o)
0x803B343C	0x58	decode16x87	C:\UEFA-BetaNGC\src\lib\gc\snd\lib\libsndgcz.a(sx87d16.o)
0x803B39A4	0x40	SNDI_freespkrtable(void)	C:\UEFA-BetaNGC\src\lib\gc\snd\lib\libsndgcz.a(satospkr.o)
0x803B3B98	0x8C	iSNDdetunetolinear(int)	C:\UEFA-BetaNGC\src\lib\gc\snd\lib\libsndgcz.a(sclcptch.o)
0x803B3F60	0x80	SNDI_getb(void *, int)	C:\UEFA-BetaNGC\src\lib\gc\snd\lib\libsndgcz.a(sgetdata.o)
0x803B4074	0xEC	SNDI_gettag(SNDTAGINFO *)	C:\UEFA-BetaNGC\src\lib\gc\snd\lib\libsndgcz.a(sgettag.o)
0x803B4344	0x3C	SNDLINKI_push(SNDLINKLIST *, SNDLINKNODE *)	C:\UEFA-BetaNGC\src\lib\gc\snd\lib\libsndgcz.a(slinklst.o)
0x803B4380	0x3C	SNDLINKI_pushtail(SNDLINKLIST *, SNDLINKNODE *)	C:\UEFA-BetaNGC\src\lib\gc\snd\lib\libsndgcz.a(slinklst.o)
0x803B43BC	0x40	SNDLINKI_pop(SNDLINKLIST *)	C:\UEFA-BetaNGC\src\lib\gc\snd\lib\libsndgcz.a(slinklst.o)
0x803B43FC	0x60	SNDLINKI_remove(SNDLINKLIST *, SNDLINKNODE *)	C:\UEFA-BetaNGC\src\lib\gc\snd\lib\libsndgcz.a(slinklst.o)
0x803B44E4	0x98	SNDI_cos(float)	C:\UEFA-BetaNGC\src\lib\gc\snd\lib\libsndgcz.a(sndi_cos.o)
0x803B457C	0x94	SNDI_sin(float)	C:\UEFA-BetaNGC\src\lib\gc\snd\lib\libsndgcz.a(sndi_sin.o)
0x803B4BEC	0x88	SNDPKTPLAYI_voicetopackethandle(int)	C:\UEFA-BetaNGC\src\lib\gc\snd\lib\libsndgcz.a(spktctoh.o)
0x803B4CD4	0x34	SNDPKTPLAY_overhead	C:\UEFA-BetaNGC\src\lib\gc\snd\lib\libsndgcz.a(spktplay.o)
0x803B4D08	0xF4	SNDPKTPLAY_create	C:\UEFA-BetaNGC\src\lib\gc\snd\lib\libsndgcz.a(spktplay.o)
0x803B5254	0x128	SNDPKTPLAY_submit	C:\UEFA-BetaNGC\src\lib\gc\snd\lib\libsndgcz.a(spktplay.o)
0x803B537C	0x60	SNDPKTPLAY_submitspace	C:\UEFA-BetaNGC\src\lib\gc\snd\lib\libsndgcz.a(spktplay.o)
0x803B5408	0xA0	SNDPKTPLAY_stop	C:\UEFA-BetaNGC\src\lib\gc\snd\lib\libsndgcz.a(spktplay.o)
0x803B54FC	0x23C	SNDPKTPLAYI_get(int, int, int *, int *)	C:\UEFA-BetaNGC\src\lib\gc\snd\lib\libsndgcz.a(spktplay.o)
0x803B5738	0x6C	SNDPKTPLAYI_freeframes(int, int, int)	C:\UEFA-BetaNGC\src\lib\gc\snd\lib\libsndgcz.a(spktplay.o)
0x803B57A4	0xB0	SNDPKTPLAYI_flushcallbackdata(void)	C:\UEFA-BetaNGC\src\lib\gc\snd\lib\libsndgcz.a(spktplay.o)
0x803B59A4	0x5C	randrange(int)	C:\UEFA-BetaNGC\src\lib\gc\snd\lib\libsndgcz.a(srrange.o)
0x803B5A28	0x50	SNDARAM_init(int)	C:\UEFA-BetaNGC\src\lib\gc\snd\lib\libsndgcz.a(saramman.o)
0x803B5A78	0x54	SNDARAM_setpool(unsigned int, int)	C:\UEFA-BetaNGC\src\lib\gc\snd\lib\libsndgcz.a(saramman.o)
0x803B5ACC	0x50	SNDARAM_restore(void)	C:\UEFA-BetaNGC\src\lib\gc\snd\lib\libsndgcz.a(saramman.o)
0x803B5B1C	0x50	SNDARAM_constrain(unsigned int *, int *)	C:\UEFA-BetaNGC\src\lib\gc\snd\lib\libsndgcz.a(saramman.o)
0x803B5B6C	0x1C4	SNDARAM_alloc(int)	C:\UEFA-BetaNGC\src\lib\gc\snd\lib\libsndgcz.a(saramman.o)
0x803B5D30	0x9C	SNDARAM_free(unsigned int)	C:\UEFA-BetaNGC\src\lib\gc\snd\lib\libsndgcz.a(saramman.o)
0x803B5DCC	0x60	SFILTER_ft24_32(void *, int, void *, void *, int)	C:\UEFA-BetaNGC\src\lib\gc\snd\lib\libsndgcz.a(sfft24.o)
0x803B5F18	0x84	SFILTER_modifyHPFFIR8(HPFSTATE *, int *)	C:\UEFA-BetaNGC\src\lib\gc\snd\lib\libsndgcz.a(sfhpffir8.o)
0x803B5F9C	0x68	SFILTER_add	C:\UEFA-BetaNGC\src\lib\gc\snd\lib\libsndgcz.a(sfilter.o)
0x803B6004	0x7C	SFILTER_remove	C:\UEFA-BetaNGC\src\lib\gc\snd\lib\libsndgcz.a(sfilter.o)
0x803B6080	0x3A8	calcFIRCoeffs(SNDFIRSTATE *, int)	C:\UEFA-BetaNGC\src\lib\gc\snd\lib\libsndgcz.a(sfir.o)
0x803B6454	0xC0	SNDI_fir8(SNDFIRSTATE *, int, void *, void *)	C:\UEFA-BetaNGC\src\lib\gc\snd\lib\libsndgcz.a(sfir8.o)
0x803B6514	0xA8	SFILTER_lpfRC(void *, int, void *, void *, int)	C:\UEFA-BetaNGC\src\lib\gc\snd\lib\libsndgcz.a(sflpf.o)
0x803B65FC	0xD0	SFILTER_modifyLPFRC(LPFRCSTATE *, int *)	C:\UEFA-BetaNGC\src\lib\gc\snd\lib\libsndgcz.a(sflpf.o)
0x803B66D4	0x2D8	SFILTER_rsf(void *, int, void *, void *, int)	C:\UEFA-BetaNGC\src\lib\gc\snd\lib\libsndgcz.a(sfrsf.o)
0x803B69AC	0x5C	SFILTER_rsfinit(RSFSTATE *, int, int)	C:\UEFA-BetaNGC\src\lib\gc\snd\lib\libsndgcz.a(sfrsf.o)
0x803B6A08	0x48	MIXI_initunpack16	C:\UEFA-BetaNGC\src\lib\gc\snd\lib\libsndgcz.a(sinit16.o)
0x803B6A50	0x60	MIXI_initunpackmt	C:\UEFA-BetaNGC\src\lib\gc\snd\lib\libsndgcz.a(sinitut.o)
0x803B6AB0	0x48	MIXI_initunpackxa	C:\UEFA-BetaNGC\src\lib\gc\snd\lib\libsndgcz.a(sinitxa.o)
0x803B6AF8	0x30	mixc	C:\UEFA-BetaNGC\src\lib\gc\snd\lib\libsndgcz.a(smixc.o)
0x803B6B30	0xD8	SFILTER_unpackf(void *, int, void *, void *, int)	C:\UEFA-BetaNGC\src\lib\gc\snd\lib\libsndgcz.a(supf.o)
0x803B6C08	0x40	SFILTER_unpackfinit(void *, UNPACKINITPARAMS *)	C:\UEFA-BetaNGC\src\lib\gc\snd\lib\libsndgcz.a(supf.o)
0x803B6C50	0xBC	SFILTER_unpacklf(void *, int, void *, void *, int)	C:\UEFA-BetaNGC\src\lib\gc\snd\lib\libsndgcz.a(suplf.o)
0x803B6D0C	0x44	SFILTER_unpacklfinit(void *, UNPACKINITPARAMS *)	C:\UEFA-BetaNGC\src\lib\gc\snd\lib\libsndgcz.a(suplf.o)
0x803B6D58	0x90	SFILTER_unpackmtf(void *, int, void *, void *, int)	C:\UEFA-BetaNGC\src\lib\gc\snd\lib\libsndgcz.a(supmutf.o)
0x803B6E14	0x100	SFILTER_unpackmtfinit(void *, UNPACKINITPARAMS *)	C:\UEFA-BetaNGC\src\lib\gc\snd\lib\libsndgcz.a(supmutf.o)
0x803B6F1C	0xC8	SFILTER_unpackmtlf(void *, int, void *, void *, int)	C:\UEFA-BetaNGC\src\lib\gc\snd\lib\libsndgcz.a(supmutlf.o)
0x803B7010	0xE0	SFILTER_unpackmtlfinit(void *, UNPACKINITPARAMS *)	C:\UEFA-BetaNGC\src\lib\gc\snd\lib\libsndgcz.a(supmutlf.o)
0x803B70F0	0x258	SFILTER_unpackmtpf(void *, int, void *, void *, int)	C:\UEFA-BetaNGC\src\lib\gc\snd\lib\libsndgcz.a(supmutpf.o)
0x803B7374	0x90	SFILTER_unpackmtpfinit(void *, UNPACKINITPARAMS *)	C:\UEFA-BetaNGC\src\lib\gc\snd\lib\libsndgcz.a(supmutpf.o)
0x803B7404	0x130	SFILTER_unpackpf(void *, int, void *, void *, int)	C:\UEFA-BetaNGC\src\lib\gc\snd\lib\libsndgcz.a(suppf.o)
0x803B7534	0x74	SFILTER_unpackpfinit(void *, UNPACKINITPARAMS *)	C:\UEFA-BetaNGC\src\lib\gc\snd\lib\libsndgcz.a(suppf.o)
0x803B75A8	0x94	SFILTER_unpackxaf(void *, int, void *, void *, int)	C:\UEFA-BetaNGC\src\lib\gc\snd\lib\libsndgcz.a(supxaf.o)
0x803B7670	0x90	SFILTER_unpackxafinit(void *, UNPACKINITPARAMS *)	C:\UEFA-BetaNGC\src\lib\gc\snd\lib\libsndgcz.a(supxaf.o)
0x803B7700	0x288	SFILTER_unpackxalf(void *, int, void *, void *, int)	C:\UEFA-BetaNGC\src\lib\gc\snd\lib\libsndgcz.a(supxalf.o)
0x803B79BC	0xD8	SFILTER_unpackxalfinit(void *, UNPACKINITPARAMS *)	C:\UEFA-BetaNGC\src\lib\gc\snd\lib\libsndgcz.a(supxalf.o)
0x803B7A94	0x1B8	SFILTER_unpackxapf(void *, int, void *, void *, int)	C:\UEFA-BetaNGC\src\lib\gc\snd\lib\libsndgcz.a(supxapf.o)
0x803B7C78	0x90	SFILTER_unpackxapfinit(void *, UNPACKINITPARAMS *)	C:\UEFA-BetaNGC\src\lib\gc\snd\lib\libsndgcz.a(supxapf.o)
0x803B7D08	0x98	SND_attrsetdef	C:\UEFA-BetaNGC\src\lib\gc\snd\lib\libsndgcz.a(sattrdef.o)
0x803B7DA0	0x208	SNDI_patchtohdrgen(void *, Sndgendef::GENTAGGEDPATCH *, SNDSAMPLEFORMAT *, SNDSAMPLEATTR *, SNDSAMPLEDESC *)	C:\UEFA-BetaNGC\src\lib\gc\snd\lib\libsndgcz.a(sgparse.o)
0x803B80C4	0x150	Snd::decodexac(Snd::MXAPACKETF *)	C:\UEFA-BetaNGC\src\lib\gc\snd\lib\libsndgcz.a(eaxadecf.o)
0x803B8294	0x3C	Snd::CEAXABLKDecf::Feed(void *, int, int)	C:\UEFA-BetaNGC\src\lib\gc\snd\lib\libsndgcz.a(eaxadecf.o)
0x803B82D0	0x1B8	Snd::CEAXABLKDecf::Decode(float **, int)	C:\UEFA-BetaNGC\src\lib\gc\snd\lib\libsndgcz.a(eaxadecf.o)
0x803B8488	0x30	Snd::CEAXABLKDecf::GetState(void)	C:\UEFA-BetaNGC\src\lib\gc\snd\lib\libsndgcz.a(eaxadecf.o)
0x803B8584	0x48	Snd::discardbits(Snd::UTALKSTATE_CODA *, int)	C:\UEFA-BetaNGC\src\lib\gc\snd\lib\libsndgcz.a(mtdecf.o)
0x803B85CC	0x1F8	Snd::readsamples(Snd::UTALKSTATE_CODA *, int, float *, int)	C:\UEFA-BetaNGC\src\lib\gc\snd\lib\libsndgcz.a(mtdecf.o)
0x803B8EE0	0x170	Snd::CMTBLKDecf::initmut(unsigned char *, Snd::UTALKSTATE_CODA *, int)	C:\UEFA-BetaNGC\src\lib\gc\snd\lib\libsndgcz.a(mtdecf.o)
0x803B9448	0x30	Snd::CMTBLKDecf::CMTBLKDecf(void)	C:\UEFA-BetaNGC\src\lib\gc\snd\lib\libsndgcz.a(mtdecf.o)
0x803B9478	0x90	Snd::CMTBLKDecf::Feed(void *, int, int)	C:\UEFA-BetaNGC\src\lib\gc\snd\lib\libsndgcz.a(mtdecf.o)
0x803B9730	0x40	Snd::CMTBLKDecf::GetState(void)	C:\UEFA-BetaNGC\src\lib\gc\snd\lib\libsndgcz.a(mtdecf.o)
0x803B9794	0xC4	rsflc	C:\UEFA-BetaNGC\src\lib\gc\snd\lib\libsndgcz.a(scrsfl.o)
0x803B9CFC	0x54	Csis::ClassData::SendParameters(Csis::Parameter *)	C:\UEFA-BetaNGC\src\lib\gc\csis\lib\libcsisgcz.a(csis.o)
0x803BA0A4	0x74	Csis::Function::CallFast(Csis::FunctionHandle *, void *)	C:\UEFA-BetaNGC\src\lib\gc\csis\lib\libcsisgcz.a(csis.o)
0x803BA240	0x50	Csis::Class::CreateInstance(Csis::ClassHandle *, void *, Csis::Class **)	C:\UEFA-BetaNGC\src\lib\gc\csis\lib\libcsisgcz.a(csis.o)
0x803BA378	0x40	Csis::Class::Release(void)	C:\UEFA-BetaNGC\src\lib\gc\csis\lib\libcsisgcz.a(csis.o)
0x803BA80C	0x88	Csis::GlobalVariable::SetFast(Csis::GlobalVariableHandle *, void *)	C:\UEFA-BetaNGC\src\lib\gc\csis\lib\libcsisgcz.a(csis.o)
0x803BA894	0x78	Csis::GlobalVariable::SubscribeFast(Csis::GlobalVariableHandle *, Csis::FunctionClient *)	C:\UEFA-BetaNGC\src\lib\gc\csis\lib\libcsisgcz.a(csis.o)
0x803D5130	0x1F8	EAGLUtil::SphereMapManager::~SphereMapManager(void)	C:\UEFA-BetaNGC\src\lib\gc\eagl\lib.gc\libeaglutilSNz.a(spheremapmanager.o)
0x803D5D34	0x150	EAGLUtil::SphereMapManager::CreateSphereMap(void)	C:\UEFA-BetaNGC\src\lib\gc\eagl\lib.gc\libeaglutilSNz.a(spheremapmanager.o)
0x803D5E84	0xE8	EAGLUtil::SphereMapManager::SphereMapManager(EAGL::Device *, EAGL::RenderContext *)	C:\UEFA-BetaNGC\src\lib\gc\eagl\lib.gc\libeaglutilSNz.a(spheremapmanager.o)
0x803D5F7C	0x6C	EAGLUtil::SphereMapManager::GetUVScale(float &, float &) const	C:\UEFA-BetaNGC\src\lib\gc\eagl\lib.gc\libeaglutilSNz.a(spheremapmanager.o)
0x803D5FE8	0xB0	EAGLUtil::SphereMapManager::GetUVOffset(int, float &, float &) const	C:\UEFA-BetaNGC\src\lib\gc\eagl\lib.gc\libeaglutilSNz.a(spheremapmanager.o)
0x803D6098	0x8C	EAGLUtil::SphereMapManager::SetViewMatrix(MATRIX4 &)	C:\UEFA-BetaNGC\src\lib\gc\eagl\lib.gc\libeaglutilSNz.a(spheremapmanager.o)
0x803D6528	0x234	EAGL::Model::GetTARList(char *) const	C:\UEFA-BetaNGC\src\lib\gc\eagl\lib.gc\libeaglSNz.a(model.o)
0x803D675C	0x150	EAGL::Model::SetTexture(EAGL::Model::TARList &, SHAPE *)	C:\UEFA-BetaNGC\src\lib\gc\eagl\lib.gc\libeaglSNz.a(model.o)
0x803D68AC	0x3D8	EAGL::Model::Draw(MATRIX4 &)	C:\UEFA-BetaNGC\src\lib\gc\eagl\lib.gc\libeaglSNz.a(model.o)
0x803D700C	0x70	EAGL::DynamicModel::DynamicModel(void)	C:\UEFA-BetaNGC\src\lib\gc\eagl\lib.gc\libeaglSNz.a(model.o)
0x803D707C	0x174	EAGL::DynamicModel::AddGeoPrim(EAGL::GeoPrim *)	C:\UEFA-BetaNGC\src\lib\gc\eagl\lib.gc\libeaglSNz.a(model.o)
0x803D71F0	0x188	EAGL::DynamicModel::Draw(void)	C:\UEFA-BetaNGC\src\lib\gc\eagl\lib.gc\libeaglSNz.a(model.o)
0x803D7378	0x9C	EAGL::Model::VariableTable::find_end(char *) const	C:\UEFA-BetaNGC\src\lib\gc\eagl\lib.gc\libeaglSNz.a(model.o)
0x803D744C	0x34	EAGLInternal::ModelConstructor(void *, EAGL::DynamicLoader *, char *)	C:\UEFA-BetaNGC\src\lib\gc\eagl\lib.gc\libeaglSNz.a(model.o)
0x803D74A0	0x4C	EAGL::Model::SetTexture(char *, SHAPE *)	C:\UEFA-BetaNGC\src\lib\gc\eagl\lib.gc\libeaglSNz.a(model.o)
0x803D74EC	0xD4	EAGL::Model::Optimize(void)	C:\UEFA-BetaNGC\src\lib\gc\eagl\lib.gc\libeaglSNz.a(model.o)
0x803D75C0	0x40	EAGL::Model::Patch(EAGL::Variation *)	C:\UEFA-BetaNGC\src\lib\gc\eagl\lib.gc\libeaglSNz.a(model.o)
0x803D7600	0xF4	EAGL::DynamicModel::~DynamicModel(void)	C:\UEFA-BetaNGC\src\lib\gc\eagl\lib.gc\libeaglSNz.a(model.o)
0x803D775C	0x90	EAGL::Model::VariableTable::find_first(char *) const	C:\UEFA-BetaNGC\src\lib\gc\eagl\lib.gc\libeaglSNz.a(model.o)
0x803D7830	0x38	EAGL::Model::CheckIfSafeToDelete(void)	C:\UEFA-BetaNGC\src\lib\gc\eagl\lib.gc\libeaglSNz.a(platform_model.o)
0x803D7B40	0x164	EAGL::Device::~Device(void)	C:\UEFA-BetaNGC\src\lib\gc\eagl\lib.gc\libeaglSNz.a(device.o)
0x803D7CDC	0x44	EAGL::Device::Device(void)	C:\UEFA-BetaNGC\src\lib\gc\eagl\lib.gc\libeaglSNz.a(device.o)
0x803D7D20	0x11C	EAGL::Device::Init(void)	C:\UEFA-BetaNGC\src\lib\gc\eagl\lib.gc\libeaglSNz.a(device.o)
0x803D7F0C	0x68	EAGL::Device::NewRenderContext(void)	C:\UEFA-BetaNGC\src\lib\gc\eagl\lib.gc\libeaglSNz.a(device_cmn.o)
0x803D7F74	0x5C	EAGL::Device::NewTextureRenderContext(void)	C:\UEFA-BetaNGC\src\lib\gc\eagl\lib.gc\libeaglSNz.a(device_cmn.o)
0x803D803C	0x44	EAGL::Device::DeleteTextureRenderContext(EAGL::TextureRenderContext *)	C:\UEFA-BetaNGC\src\lib\gc\eagl\lib.gc\libeaglSNz.a(device_cmn.o)
0x803D8094	0xE8	EAGL::Device::RemoveRenderContext(EAGL::RenderContextBase *)	C:\UEFA-BetaNGC\src\lib\gc\eagl\lib.gc\libeaglSNz.a(device_cmn.o)
0x803D81B4	0x30	EAGLInternal::DevicePrivate::SetCurrentTextureRenderContext(EAGL::TextureRenderContext *)	C:\UEFA-BetaNGC\src\lib\gc\eagl\lib.gc\libeaglSNz.a(device_cmn.o)
0x803D8234	0x188	EAGL::RenderContext::~RenderContext(void)	C:\UEFA-BetaNGC\src\lib\gc\eagl\lib.gc\libeaglSNz.a(rendercontext.o)
0x803D83BC	0x284	EAGLInternal::RenderContextPrivate::DrawMotionBlurPoly(void)	C:\UEFA-BetaNGC\src\lib\gc\eagl\lib.gc\libeaglSNz.a(rendercontext.o)
0x803D8640	0x1E8	EAGL::RenderContext::EndFrame(void)	C:\UEFA-BetaNGC\src\lib\gc\eagl\lib.gc\libeaglSNz.a(rendercontext.o)
0x803D8828	0xF0	EAGLInternal::RenderContextPrivate::BreakPtCallback(unsigned int)	C:\UEFA-BetaNGC\src\lib\gc\eagl\lib.gc\libeaglSNz.a(rendercontext.o)
0x803D9180	0x78	EAGL::RenderContextBase::~RenderContextBase(void)	C:\UEFA-BetaNGC\src\lib\gc\eagl\lib.gc\libeaglSNz.a(rendercontext.o)
0x803D91F8	0x70	EAGL::RenderContext::RenderContext(EAGL::Device *)	C:\UEFA-BetaNGC\src\lib\gc\eagl\lib.gc\libeaglSNz.a(rendercontext.o)
0x803D9268	0x6C	EAGLInternal::RenderContextPrivate::SetRenderContextStates(void)	C:\UEFA-BetaNGC\src\lib\gc\eagl\lib.gc\libeaglSNz.a(rendercontext.o)
0x803D92D4	0xA4	EAGL::RenderContext::BeginFrame(void)	C:\UEFA-BetaNGC\src\lib\gc\eagl\lib.gc\libeaglSNz.a(rendercontext.o)
0x803D9454	0xD4	EAGLInternal::RenderContextPrivate::ReceiveToken(unsigned short)	C:\UEFA-BetaNGC\src\lib\gc\eagl\lib.gc\libeaglSNz.a(rendercontext.o)
0x803D9528	0x9C	EAGL::RenderContextExtension::SendDebugToken(void)	C:\UEFA-BetaNGC\src\lib\gc\eagl\lib.gc\libeaglSNz.a(rendercontext.o)
0x803D95C4	0x38	EAGLInternal::RenderContextPrivate::ProcessGPBreakPoint(void)	C:\UEFA-BetaNGC\src\lib\gc\eagl\lib.gc\libeaglSNz.a(rendercontext.o)
0x803D95FC	0x68	EAGLInternal::RenderContextPrivate::SetGPBreakPoint(unsigned int, void (*)(unsigned int))	C:\UEFA-BetaNGC\src\lib\gc\eagl\lib.gc\libeaglSNz.a(rendercontext.o)
0x803D9664	0x68	EAGLInternal::RenderContextPrivate::ReleaseGPBreakPoint(void)	C:\UEFA-BetaNGC\src\lib\gc\eagl\lib.gc\libeaglSNz.a(rendercontext.o)
0x803D96CC	0x30	EAGLInternal::RenderContextPrivate::GPBreak::ProcessGPBreak(void)	C:\UEFA-BetaNGC\src\lib\gc\eagl\lib.gc\libeaglSNz.a(rendercontext.o)
0x803D96FC	0x78	EAGLInternal::RenderContextPrivate::GPBreak::ReleaseGPBreak(EAGLInternal::RenderContextPrivate::GPBreak &)	C:\UEFA-BetaNGC\src\lib\gc\eagl\lib.gc\libeaglSNz.a(rendercontext.o)
0x803D9774	0x90	EAGLInternal::RenderContextPrivate::GPBreak::SetGPBreak(unsigned int, void (*)(unsigned int))	C:\UEFA-BetaNGC\src\lib\gc\eagl\lib.gc\libeaglSNz.a(rendercontext.o)
0x803D987C	0x30	EAGL::RenderContextExtension::WaitForDrawsToComplete(void)	C:\UEFA-BetaNGC\src\lib\gc\eagl\lib.gc\libeaglSNz.a(rendercontext.o)
0x803D98C8	0x50	EAGL::RenderContextExtension::StartDataStuffing(void *, unsigned int)	C:\UEFA-BetaNGC\src\lib\gc\eagl\lib.gc\libeaglSNz.a(rendercontext.o)
0x803D9918	0x84	EAGL::RenderContextExtension::StuffData(void *, unsigned int)	C:\UEFA-BetaNGC\src\lib\gc\eagl\lib.gc\libeaglSNz.a(rendercontext.o)
0x803D9A24	0xAC	EAGLInternal::RenderContextPrivate::RenderContextPrivate(EAGL::RenderContext *)	C:\UEFA-BetaNGC\src\lib\gc\eagl\lib.gc\libeaglSNz.a(rendercontext.o)
0x803D9AD0	0x9C	EAGLInternal::RenderContextPrivate::~RenderContextPrivate(void)	C:\UEFA-BetaNGC\src\lib\gc\eagl\lib.gc\libeaglSNz.a(rendercontext.o)
0x803D9B6C	0x40	EAGL::RenderContextExtensionBase::RenderContextExtensionBase(EAGL::RenderContextBase *)	C:\UEFA-BetaNGC\src\lib\gc\eagl\lib.gc\libeaglSNz.a(rendercontext.o)
0x803D9BE0	0x54	EAGL::RenderContextExtension::RenderContextExtension(EAGL::RenderContext *)	C:\UEFA-BetaNGC\src\lib\gc\eagl\lib.gc\libeaglSNz.a(rendercontext.o)
0x803D9D48	0x34	EAGL::RenderContextExtensionBase::EnactFogSettings(void) const	C:\UEFA-BetaNGC\src\lib\gc\eagl\lib.gc\libeaglSNz.a(rendercontext.o)
0x803D9E70	0x5C	EAGL::RenderContextExtension::SetEFBCopy(int, int, int, int, int, int, _GXTexFmt, unsigned char)	C:\UEFA-BetaNGC\src\lib\gc\eagl\lib.gc\libeaglSNz.a(rendercontext.o)
0x803D9ECC	0xF0	EAGL::RenderContextExtension::GetEFBAsTAR(EAGL::TAR *, bool, bool, bool)	C:\UEFA-BetaNGC\src\lib\gc\eagl\lib.gc\libeaglSNz.a(rendercontext.o)
0x803DA038	0x60	EAGL::RenderContextBase::NewViewPort(void)	C:\UEFA-BetaNGC\src\lib\gc\eagl\lib.gc\libeaglSNz.a(rendercontext_cmn.o)
0x803DA098	0xB0	EAGL::RenderContextBase::DeleteViewPort(EAGL::ViewPort *)	C:\UEFA-BetaNGC\src\lib\gc\eagl\lib.gc\libeaglSNz.a(rendercontext_cmn.o)
0x803DA188	0x2B4	EAGL::RenderMethod::IncrementArrays(int)	C:\UEFA-BetaNGC\src\lib\gc\eagl\lib.gc\libeaglSNz.a(rendermethod.o)
0x803DA468	0x50	EAGL::RenderMethod::SetArray(_GXAttr, void *, unsigned char)	C:\UEFA-BetaNGC\src\lib\gc\eagl\lib.gc\libeaglSNz.a(rendermethod.o)
0x803DA4EC	0x640	EAGLInternal::RuntimeAllocGeoPrimStateConstructor(char *, EAGL::DynamicLoader *, int &, bool &, char *)	C:\UEFA-BetaNGC\src\lib\gc\eagl\lib.gc\libeaglSNz.a(state.o)
0x803DAB2C	0x9A0	EAGLInternal::StringToPlatformStateEnum(char *)	C:\UEFA-BetaNGC\src\lib\gc\eagl\lib.gc\libeaglSNz.a(state.o)
0x803DB4CC	0xD4	EAGL::GeoPrimStateExtension::SetRenderContextStates(void)	C:\UEFA-BetaNGC\src\lib\gc\eagl\lib.gc\libeaglSNz.a(state.o)
0x803DB5A0	0x420	EAGL::GeoPrimStateExtension::Use(void) const	C:\UEFA-BetaNGC\src\lib\gc\eagl\lib.gc\libeaglSNz.a(state.o)
0x803DB9C0	0x220	EAGL::GeoPrimStateExtension::SetCurrentVertex(unsigned int, unsigned int)	C:\UEFA-BetaNGC\src\lib\gc\eagl\lib.gc\libeaglSNz.a(state.o)
0x803DBBE0	0x110	EAGL::GeoPrimStateExtension::EnableCoPlanarZMode(COORD3 *)	C:\UEFA-BetaNGC\src\lib\gc\eagl\lib.gc\libeaglSNz.a(state.o)
0x803DBDD8	0x30	EAGL::GeoPrimState::SetPrimitiveType(EAGL::PrimitiveType)	C:\UEFA-BetaNGC\src\lib\gc\eagl\lib.gc\libeaglSNz.a(state.o)
0x803DBE8C	0x4C	EAGL::GeoPrimStateExtension::GeoPrimStateExtension(void)	C:\UEFA-BetaNGC\src\lib\gc\eagl\lib.gc\libeaglSNz.a(state.o)
0x803DBFF4	0xE40	EAGLInternal::RuntimeAllocTARConstructor(char *, EAGL::DynamicLoader *, int &, bool &, char *)	C:\UEFA-BetaNGC\src\lib\gc\eagl\lib.gc\libeaglSNz.a(tar.o)
0x803DCE34	0x234	EAGLInternal::TARConstructor(void *, EAGL::DynamicLoader *, char *)	C:\UEFA-BetaNGC\src\lib\gc\eagl\lib.gc\libeaglSNz.a(tar.o)
0x803DD068	0x238	EAGL::TARExtension::InitFromShape(SHAPE *)	C:\UEFA-BetaNGC\src\lib\gc\eagl\lib.gc\libeaglSNz.a(tar.o)
0x803DD2A0	0x244	EAGL::TARExtension::SetTextureLODStates(void)	C:\UEFA-BetaNGC\src\lib\gc\eagl\lib.gc\libeaglSNz.a(tar.o)
0x803DD568	0x68	EAGLInternal::RuntimeAllocTARDestructor(void *, int)	C:\UEFA-BetaNGC\src\lib\gc\eagl\lib.gc\libeaglSNz.a(tar.o)
0x803DD628	0x78	EAGL::TAR::TAR(SHAPE *)	C:\UEFA-BetaNGC\src\lib\gc\eagl\lib.gc\libeaglSNz.a(tar.o)
0x803DD6A0	0x9C	EAGL::TAR::TAR(EAGL::TAR &)	C:\UEFA-BetaNGC\src\lib\gc\eagl\lib.gc\libeaglSNz.a(tar.o)
0x803DD7C8	0x70	EAGL::TAR::SetClampMode(EAGL::ClampMode)	C:\UEFA-BetaNGC\src\lib\gc\eagl\lib.gc\libeaglSNz.a(tar.o)
0x803DD838	0x54	EAGL::TARExtension::SetClampModeU(EAGL::GCClampMode)	C:\UEFA-BetaNGC\src\lib\gc\eagl\lib.gc\libeaglSNz.a(tar.o)
0x803DD88C	0x54	EAGL::TARExtension::SetClampModeV(EAGL::GCClampMode)	C:\UEFA-BetaNGC\src\lib\gc\eagl\lib.gc\libeaglSNz.a(tar.o)
0x803DD8E0	0xEC	EAGL::TARExtension::Use(_GXTexMapID, unsigned int)	C:\UEFA-BetaNGC\src\lib\gc\eagl\lib.gc\libeaglSNz.a(tar.o)
0x803DD9FC	0x38	EAGL::TAR::SetMIPMAPLODBias(float)	C:\UEFA-BetaNGC\src\lib\gc\eagl\lib.gc\libeaglSNz.a(tar.o)
0x803DDA34	0x34	EAGL::TAR::SetMIPMAPMode(EAGL::MIPMAPMode)	C:\UEFA-BetaNGC\src\lib\gc\eagl\lib.gc\libeaglSNz.a(tar.o)
0x803DDA8C	0x34	EAGL::TAR::SwapShape(SHAPE *)	C:\UEFA-BetaNGC\src\lib\gc\eagl\lib.gc\libeaglSNz.a(tar.o)
0x803DDAC0	0x9C	EAGL::TARExtension::SetClut(SHAPE *)	C:\UEFA-BetaNGC\src\lib\gc\eagl\lib.gc\libeaglSNz.a(tar.o)
0x803DDB88	0x68	EAGL::TARExtension::SetTexCoordGen(_GXTexCoordID, _GXTexGenType, _GXTexGenSrc, unsigned int, unsigned char, unsigned int)	C:\UEFA-BetaNGC\src\lib\gc\eagl\lib.gc\libeaglSNz.a(tar.o)
0x803DDBF0	0x50	EAGL::TARExtension::ResetTexCoordGens(void)	C:\UEFA-BetaNGC\src\lib\gc\eagl\lib.gc\libeaglSNz.a(tar.o)
0x803DDC40	0x40	EAGL::TARExtension::TARExtension(void)	C:\UEFA-BetaNGC\src\lib\gc\eagl\lib.gc\libeaglSNz.a(tar.o)
0x803DDCD4	0x1A8	EAGL::TevStage::SetHardware(void)	C:\UEFA-BetaNGC\src\lib\gc\eagl\lib.gc\libeaglSNz.a(tevstage.o)
0x803DDE7C	0x274	EAGL::TevStage::ResetToDefault(void)	C:\UEFA-BetaNGC\src\lib\gc\eagl\lib.gc\libeaglSNz.a(tevstage.o)
0x803DE1BC	0xA0	EAGL::TevStage::TevStage(void)	C:\UEFA-BetaNGC\src\lib\gc\eagl\lib.gc\libeaglSNz.a(tevstage.o)
0x803DE300	0x74	EAGL::TevStage::Use(unsigned int) const	C:\UEFA-BetaNGC\src\lib\gc\eagl\lib.gc\libeaglSNz.a(tevstage.o)
0x803DE374	0x40	EAGL::TevStage::SetPS2StyleOverBright(bool, bool)	C:\UEFA-BetaNGC\src\lib\gc\eagl\lib.gc\libeaglSNz.a(tevstage.o)
0x803DE7D0	0x570	EAGL::Transform::Invert(EAGL::Transform &, EAGL::Transform &)	C:\UEFA-BetaNGC\src\lib\gc\eagl\lib.gc\libeaglSNz.a(transform.o)
0x803DED40	0x13C	EAGL::Transform::TransformPoint(COORD3 &, COORD3 &) const	C:\UEFA-BetaNGC\src\lib\gc\eagl\lib.gc\libeaglSNz.a(transform.o)
0x803DEE7C	0x1AC	EAGL::Transform::TransformPoint(COORD4 &, COORD4 &) const	C:\UEFA-BetaNGC\src\lib\gc\eagl\lib.gc\libeaglSNz.a(transform.o)
0x803DF1A0	0x344	MultMatrix(MATRIX4 *, MATRIX4 *, MATRIX4 *)	C:\UEFA-BetaNGC\src\lib\gc\eagl\lib.gc\libeaglSNz.a(transform.o)
0x803DF6AC	0x4C	EAGL::Transform::BuildScale(float, float, float, float)	C:\UEFA-BetaNGC\src\lib\gc\eagl\lib.gc\libeaglSNz.a(transform.o)
0x803DF6F8	0x54	EAGL::Transform::BuildTranslate(float, float, float)	C:\UEFA-BetaNGC\src\lib\gc\eagl\lib.gc\libeaglSNz.a(transform.o)
0x803DF74C	0x54	EAGL::Transform::BuildIdentity(void)	C:\UEFA-BetaNGC\src\lib\gc\eagl\lib.gc\libeaglSNz.a(transform.o)
0x803DFAB4	0x94	EAGL::Transform::Inverse(void)	C:\UEFA-BetaNGC\src\lib\gc\eagl\lib.gc\libeaglSNz.a(transform.o)
0x803DFBAC	0x104	EAGL::Transform::Transpose(EAGL::Transform &, EAGL::Transform &)	C:\UEFA-BetaNGC\src\lib\gc\eagl\lib.gc\libeaglSNz.a(transform.o)
0x803DFCB0	0x90	EAGL::Transform::AppendScale(float, float, float, float)	C:\UEFA-BetaNGC\src\lib\gc\eagl\lib.gc\libeaglSNz.a(transform.o)
0x803DFD90	0x98	EAGL::Transform::AppendTranslate(float, float, float)	C:\UEFA-BetaNGC\src\lib\gc\eagl\lib.gc\libeaglSNz.a(transform.o)
0x803DFE28	0xB8	EAGL::Transform::AppendMatrix(MATRIX4 *)	C:\UEFA-BetaNGC\src\lib\gc\eagl\lib.gc\libeaglSNz.a(transform.o)
0x803DFF50	0x90	EAGL::Transform::PrependMatrix(MATRIX4 *)	C:\UEFA-BetaNGC\src\lib\gc\eagl\lib.gc\libeaglSNz.a(transform.o)
0x803E02E4	0x48	EAGL::Transform::PreMult(EAGL::Transform &)	C:\UEFA-BetaNGC\src\lib\gc\eagl\lib.gc\libeaglSNz.a(transform.o)
0x803E032C	0x12C	EAGL::TextureRenderContext::BeginFrame(void)	C:\UEFA-BetaNGC\src\lib\gc\eagl\lib.gc\libeaglSNz.a(texturerc.o)
0x803E0458	0x200	EAGL::TextureRenderContext::EndFrame(void)	C:\UEFA-BetaNGC\src\lib\gc\eagl\lib.gc\libeaglSNz.a(texturerc.o)
0x803E0690	0xBC	EAGLInternal::TextureRenderContextPrivate::GetPhysicalXOffset(void) const	C:\UEFA-BetaNGC\src\lib\gc\eagl\lib.gc\libeaglSNz.a(texturerc.o)
0x803E074C	0x94	EAGL::TextureRenderContext::GetSize(float &, float &) const	C:\UEFA-BetaNGC\src\lib\gc\eagl\lib.gc\libeaglSNz.a(texturerc.o)
0x803E081C	0x4C	EAGL::TextureRenderContextExtension::TextureRenderContextExtension(EAGL::TextureRenderContext *)	C:\UEFA-BetaNGC\src\lib\gc\eagl\lib.gc\libeaglSNz.a(texturerc.o)
0x803E08B8	0x68	EAGLInternal::TextureRenderContextPrivate::TextureRenderContextPrivate(EAGL::TextureRenderContext *)	C:\UEFA-BetaNGC\src\lib\gc\eagl\lib.gc\libeaglSNz.a(texturerc.o)
0x803E09B4	0x70	EAGL::TextureRenderContext::TextureRenderContext(EAGL::Device *)	C:\UEFA-BetaNGC\src\lib\gc\eagl\lib.gc\libeaglSNz.a(texturerc_cmn.o)
0x803E0A24	0x7C	EAGL::TextureRenderContext::~TextureRenderContext(void)	C:\UEFA-BetaNGC\src\lib\gc\eagl\lib.gc\libeaglSNz.a(texturerc_cmn.o)
0x803E0ACC	0x304	EAGL::ViewPort::SetShape(float, float, float, float, float, float)	C:\UEFA-BetaNGC\src\lib\gc\eagl\lib.gc\libeaglSNz.a(viewport.o)
0x803E0DD0	0x1CC	EAGL::ViewPort::SetPerspective(float, float, float, float)	C:\UEFA-BetaNGC\src\lib\gc\eagl\lib.gc\libeaglSNz.a(viewport.o)
0x803E0F9C	0x5DC	EAGL::ViewPort::BeginView(void)	C:\UEFA-BetaNGC\src\lib\gc\eagl\lib.gc\libeaglSNz.a(viewport.o)
0x803E1578	0x2D8	EAGL::ViewPort::ClearViewPort(EAGL::ClearFlags)	C:\UEFA-BetaNGC\src\lib\gc\eagl\lib.gc\libeaglSNz.a(viewport.o)
0x803E1850	0x13C	EAGL::ViewPort::IsSphereInView(COORD3 &, float)	C:\UEFA-BetaNGC\src\lib\gc\eagl\lib.gc\libeaglSNz.a(viewport.o)
0x803E198C	0xAC	EAGLInternal::ViewPortPrivate::ViewPortPrivate(EAGL::ViewPort *)	C:\UEFA-BetaNGC\src\lib\gc\eagl\lib.gc\libeaglSNz.a(viewport.o)
0x803E1A38	0x11C	EAGLInternal::ViewPortPrivate::EnactFogSettings(void)	C:\UEFA-BetaNGC\src\lib\gc\eagl\lib.gc\libeaglSNz.a(viewport.o)
0x803E1C10	0x34	EAGL::ViewPort::GetShape(float &, float &, float &, float &, float &, float &) const	C:\UEFA-BetaNGC\src\lib\gc\eagl\lib.gc\libeaglSNz.a(viewport.o)
0x803E1C44	0x98	EAGL::ViewPort::SetViewMatrix(MATRIX4 &)	C:\UEFA-BetaNGC\src\lib\gc\eagl\lib.gc\libeaglSNz.a(viewport.o)
0x803E1CDC	0xD4	EAGL::ViewPort::SetOrthographic(float, float, float)	C:\UEFA-BetaNGC\src\lib\gc\eagl\lib.gc\libeaglSNz.a(viewport.o)
0x803E1DB0	0xD8	EAGL::ViewPort::SetOrthographicScreenSpace(float, float)	C:\UEFA-BetaNGC\src\lib\gc\eagl\lib.gc\libeaglSNz.a(viewport.o)
0x803E1E88	0x54	EAGL::ViewPort::EndView(void)	C:\UEFA-BetaNGC\src\lib\gc\eagl\lib.gc\libeaglSNz.a(viewport.o)
0x803E1F0C	0x60	EAGLInternal::ViewPortPrivate::ReBegin(void)	C:\UEFA-BetaNGC\src\lib\gc\eagl\lib.gc\libeaglSNz.a(viewport.o)
0x803E1F98	0x1A8	EAGL::ViewPort::ViewPort(EAGL::RenderContextBase *)	C:\UEFA-BetaNGC\src\lib\gc\eagl\lib.gc\libeaglSNz.a(viewport_cmn.o)
0x803E2248	0x278	EAGL::ProfilerRegion::DrawRegions(void)	C:\UEFA-BetaNGC\src\lib\gc\eagl\lib.gc\libeaglSNz.a(profiler_cmn.o)
0x803E24C0	0x11C	EAGL::ProfilerRegion::ProcessRegion(unsigned int)	C:\UEFA-BetaNGC\src\lib\gc\eagl\lib.gc\libeaglSNz.a(profiler_cmn.o)
0x803E25DC	0x73C	EAGL::ProfilerRegion::DrawRegion(float, float, unsigned int, int, float &)	C:\UEFA-BetaNGC\src\lib\gc\eagl\lib.gc\libeaglSNz.a(profiler_cmn.o)
0x803E2D18	0x100	EAGL::Profiler::ProcessProfile(void)	C:\UEFA-BetaNGC\src\lib\gc\eagl\lib.gc\libeaglSNz.a(profiler_cmn.o)
0x803E3050	0x54	EAGL::ProfilerRegion::RemoveRegionFromList(void)	C:\UEFA-BetaNGC\src\lib\gc\eagl\lib.gc\libeaglSNz.a(profiler_cmn.o)
0x803E30D0	0x38	EAGL::Profiler::CloseProfileSection(void)	C:\UEFA-BetaNGC\src\lib\gc\eagl\lib.gc\libeaglSNz.a(profiler_cmn.o)
0x803E3108	0x70	EAGL::Profiler::Profiler(EAGL::ProfilerRegion &)	C:\UEFA-BetaNGC\src\lib\gc\eagl\lib.gc\libeaglSNz.a(profiler_cmn.o)
0x803E3178	0xB0	EAGL::Profiler::~Profiler(void)	C:\UEFA-BetaNGC\src\lib\gc\eagl\lib.gc\libeaglSNz.a(profiler_cmn.o)
0x803E3280	0x22C	EAGL::EAGLFont::drawarray(FONT *, FONTCHARBUF *, int)	C:\UEFA-BetaNGC\src\lib\gc\eagl\lib.gc\libeaglSNz.a(fonteagl.o)
0x803E3758	0x31C	EAGL::EAGLFont::startdraw(FONT *)	C:\UEFA-BetaNGC\src\lib\gc\eagl\lib.gc\libeaglSNz.a(fonteagl.o)
0x803E3AC8	0x34	EAGL::EAGLFont::draw(FONT *, FONTCHAR *, float, float)	C:\UEFA-BetaNGC\src\lib\gc\eagl\lib.gc\libeaglSNz.a(fonteagl.o)
0x803E3B3C	0x74	EAGL::EAGLFont::enddraw(FONT *)	C:\UEFA-BetaNGC\src\lib\gc\eagl\lib.gc\libeaglSNz.a(fonteagl.o)
0x803E4964	0xEC	EAGL::DrawArray::SetUpGeoPrim(int)	C:\UEFA-BetaNGC\src\lib\gc\eagl\lib.gc\libeaglSNz.a(singledraw.o)
0x803E4B40	0xF0	EAGL::DrawGouraud::~DrawGouraud(void)	C:\UEFA-BetaNGC\src\lib\gc\eagl\lib.gc\libeaglSNz.a(singledraw.o)
0x803E54B8	0x240	EAGL::DrawGouraud::AddVertex(COORD3 &, EAGL::Colour &)	C:\UEFA-BetaNGC\src\lib\gc\eagl\lib.gc\libeaglSNz.a(singledraw.o)
0x803E57F0	0x114	EAGL::DrawTextured::~DrawTextured(void)	C:\UEFA-BetaNGC\src\lib\gc\eagl\lib.gc\libeaglSNz.a(singledraw.o)
0x803E628C	0x27C	EAGL::DrawTextured::AddVertex(COORD3 &, EAGL::Colour &, COORD2 &)	C:\UEFA-BetaNGC\src\lib\gc\eagl\lib.gc\libeaglSNz.a(singledraw.o)
0x803E6508	0x158	EAGL::DrawTextured::SetTexture(EAGL::TAR *)	C:\UEFA-BetaNGC\src\lib\gc\eagl\lib.gc\libeaglSNz.a(singledraw.o)
0x803E6660	0xA8	EAGL::DrawArray::DrawArray(void)	C:\UEFA-BetaNGC\src\lib\gc\eagl\lib.gc\libeaglSNz.a(singledraw.o)
0x803E6708	0x98	EAGL::DrawArray::~DrawArray(void)	C:\UEFA-BetaNGC\src\lib\gc\eagl\lib.gc\libeaglSNz.a(singledraw.o)
0x803E67A0	0x110	EAGL::DrawArray::SetGeoPrim(EAGL::GeoPrim *)	C:\UEFA-BetaNGC\src\lib\gc\eagl\lib.gc\libeaglSNz.a(singledraw.o)
0x803E68B0	0xA0	EAGL::DrawArray::SetPrimitiveType(EAGL::PrimitiveType)	C:\UEFA-BetaNGC\src\lib\gc\eagl\lib.gc\libeaglSNz.a(singledraw.o)
0x803E6950	0x88	EAGL::DrawArray::SetParamName(char *)	C:\UEFA-BetaNGC\src\lib\gc\eagl\lib.gc\libeaglSNz.a(singledraw.o)
0x803E69D8	0x98	EAGL::DrawArray::SetVar(char *, void *, int, int)	C:\UEFA-BetaNGC\src\lib\gc\eagl\lib.gc\libeaglSNz.a(singledraw.o)
0x803E6A70	0xCC	EAGL::DrawArray::SetVar(int, void *, int, int)	C:\UEFA-BetaNGC\src\lib\gc\eagl\lib.gc\libeaglSNz.a(singledraw.o)
0x803E6C28	0xD8	EAGL::DrawArray::Draw(int)	C:\UEFA-BetaNGC\src\lib\gc\eagl\lib.gc\libeaglSNz.a(singledraw.o)
0x803E7320	0xD4	EAGL::PrintMessage(int, char *,...)	C:\UEFA-BetaNGC\src\lib\gc\eagl\lib.gc\libeaglSNz.a(printmessage.o)
0x803E7400	0x660	EAGLInternal::StringToCommonStateEnum(char *)	C:\UEFA-BetaNGC\src\lib\gc\eagl\lib.gc\libeaglSNz.a(cmnstateprop.o)
0x803E7A60	0x428	EAGLInternal::HandleDefaultStateProp(EAGL::GeoPrimState &, EAGLInternal::Property &)	C:\UEFA-BetaNGC\src\lib\gc\eagl\lib.gc\libeaglSNz.a(cmnstateprop.o)
0x803E7E88	0x148	EAGL::DynamicLoader::RunConstructors(void)	C:\UEFA-BetaNGC\src\lib\gc\eagl\lib.gc\libeaglSNz.a(dlopen.o)
0x803E7FD0	0x67C	EAGL::DynamicLoader::Resolve(void)	C:\UEFA-BetaNGC\src\lib\gc\eagl\lib.gc\libeaglSNz.a(dlopen.o)
0x803E864C	0xAC0	EAGL::DynamicLoader::Initialize(void *(*)(char *, bool &))	C:\UEFA-BetaNGC\src\lib\gc\eagl\lib.gc\libeaglSNz.a(dlopen.o)
0x803E910C	0x1DC	EAGL::DynamicLoader::GetAddr(char *, char *, void *&) const	C:\UEFA-BetaNGC\src\lib\gc\eagl\lib.gc\libeaglSNz.a(dlopen.o)
0x803E92E8	0x174	EAGL::DynamicLoader::GetSymbol(int) const	C:\UEFA-BetaNGC\src\lib\gc\eagl\lib.gc\libeaglSNz.a(dlopen.o)
0x803E9640	0x78	EAGL::DynamicLoader::DynamicLoader(void *, unsigned int, void *(*)(char *, bool &))	C:\UEFA-BetaNGC\src\lib\gc\eagl\lib.gc\libeaglSNz.a(dlopen.o)
0x803E96B8	0x84	EAGL::DynamicLoader::DynamicLoader(void *, unsigned int, void *, bool, void *(*)(char *, bool &))	C:\UEFA-BetaNGC\src\lib\gc\eagl\lib.gc\libeaglSNz.a(dlopen.o)
0x803E9744	0x80	EAGL::DynamicLoader::~DynamicLoader(void)	C:\UEFA-BetaNGC\src\lib\gc\eagl\lib.gc\libeaglSNz.a(dlopen.o)
0x803E97C4	0xDC	EAGL::DynamicLoader::Release(void)	C:\UEFA-BetaNGC\src\lib\gc\eagl\lib.gc\libeaglSNz.a(dlopen.o)
0x803E98A0	0xD8	EAGL::DynamicLoader::RunDestructors(void)	C:\UEFA-BetaNGC\src\lib\gc\eagl\lib.gc\libeaglSNz.a(dlopen.o)
0x803E9994	0xC0	EAGL::DynamicLoader::GetNextSymbol(char *, int &, EAGL::DynamicLoader::Symbol &) const	C:\UEFA-BetaNGC\src\lib\gc\eagl\lib.gc\libeaglSNz.a(dlopen.o)
0x803E9A54	0xE8	EAGL::DynamicLoader::GetNextAddr(char *, int &, void *&) const	C:\UEFA-BetaNGC\src\lib\gc\eagl\lib.gc\libeaglSNz.a(dlopen.o)
0x803E9C20	0x210	EAGL::SymbolPool::Insert(char *, void *)	C:\UEFA-BetaNGC\src\lib\gc\eagl\lib.gc\libeaglSNz.a(sympool.o)
0x803E9E30	0x120	EAGL::SymbolPool::RemoveSymbol(char *)	C:\UEFA-BetaNGC\src\lib\gc\eagl\lib.gc\libeaglSNz.a(sympool.o)
0x803E9F50	0x118	EAGL::SymbolPool::Search(char *, bool &)	C:\UEFA-BetaNGC\src\lib\gc\eagl\lib.gc\libeaglSNz.a(sympool.o)
0x803EA08C	0x58	EAGL::SymbolPool::FreeMemory(void)	C:\UEFA-BetaNGC\src\lib\gc\eagl\lib.gc\libeaglSNz.a(sympool.o)
0x803EA0E4	0x7C	EAGL::SymbolPool::~SymbolPool(void)	C:\UEFA-BetaNGC\src\lib\gc\eagl\lib.gc\libeaglSNz.a(sympool.o)
0x803EA160	0x80	EAGL::SymbolPool::AddSymbol(char *, void *)	C:\UEFA-BetaNGC\src\lib\gc\eagl\lib.gc\libeaglSNz.a(sympool.o)
0x803EA1E0	0xE4	EAGL::SymbolPool::Empty(void)	C:\UEFA-BetaNGC\src\lib\gc\eagl\lib.gc\libeaglSNz.a(sympool.o)
0x803EA2C4	0x38	EAGLInternal::BitField::GetBit(int) const	C:\UEFA-BetaNGC\src\lib\gc\eagl\lib.gc\libeaglSNz.a(bitfield.o)
0x803EAF50	0x94	EAGL::SymbolInit(void)	C:\UEFA-BetaNGC\src\lib\gc\eagl\lib.gc\libeaglSNz.a(symbolinit.o)
0x803EB2AC	0x40	FONT_bsearch	C:\UEFA-BetaNGC\src\lib\gc\realgraph\lib\librealfontz.a(fontchar.cpp.obj)
0x803EB2EC	0x44	FONT_create	C:\UEFA-BetaNGC\src\lib\gc\realgraph\lib\librealfontz.a(fontcreate.cpp.obj)
0x803EB330	0x34	FONT_destroy	C:\UEFA-BetaNGC\src\lib\gc\realgraph\lib\librealfontz.a(fontcreate.cpp.obj)
0x803EB454	0xCC	FONT_drawtextfa	C:\UEFA-BetaNGC\src\lib\gc\realgraph\lib\librealfontz.a(fontdrawf.cpp.obj)
0x803EB528	0x30	FONT_installdriverextensions	C:\UEFA-BetaNGC\src\lib\gc\realgraph\lib\librealfontz.a(fontdriver.cpp.obj)
0x803EB560	0x40	FONT_restore	C:\UEFA-BetaNGC\src\lib\gc\realgraph\lib\librealfontz.a(fontinit.cpp.obj)
0x803EB5A0	0x44	FONT_init	C:\UEFA-BetaNGC\src\lib\gc\realgraph\lib\librealfontz.a(fontinit.cpp.obj)
0x803EB660	0x94	FONT_getkern	C:\UEFA-BetaNGC\src\lib\gc\realgraph\lib\librealfontz.a(fontkern.cpp.obj)
0x803EB864	0xDC	SHAPE_createsize	C:\UEFA-BetaNGC\src\lib\gc\realgraph\lib\librealshapez.a(creates.cpp.obj)
0x803EBBA4	0xCC	SHAPE_create	C:\UEFA-BetaNGC\src\lib\gc\realgraph\lib\librealshapez.a(creates.cpp.obj)
0x803EBF2C	0x64	SHAPE_clone	C:\UEFA-BetaNGC\src\lib\gc\realgraph\lib\librealshapez.a(shpclone.cpp.obj)
0x803EBF90	0x68	SHAPE_clut	C:\UEFA-BetaNGC\src\lib\gc\realgraph\lib\librealshapez.a(shpclut.cpp.obj)
0x803EBFF8	0x44	SHAPE_comment	C:\UEFA-BetaNGC\src\lib\gc\realgraph\lib\librealshapez.a(shpcomment.cpp.obj)
0x803EC054	0x30	SHAPE_destroy	C:\UEFA-BetaNGC\src\lib\gc\realgraph\lib\librealshapez.a(shpdestroy.cpp.obj)
0x803EC324	0x44	SHAPE_hotspots	C:\UEFA-BetaNGC\src\lib\gc\realgraph\lib\librealshapez.a(shphot.cpp.obj)
0x803EC368	0x6C	SHAPE_isclut	C:\UEFA-BetaNGC\src\lib\gc\realgraph\lib\librealshapez.a(shpisclut.cpp.obj)
0x803EC3D4	0x44	SHAPE_longname	C:\UEFA-BetaNGC\src\lib\gc\realgraph\lib\librealshapez.a(shplongname.cpp.obj)
0x803EC418	0x150	SHAPE_readpixel	C:\UEFA-BetaNGC\src\lib\gc\realgraph\lib\librealshapez.a(shpreadpix.cpp.obj)
0x803EC568	0x190	SHAPE_size(int, int, int, unsigned int, bool)	C:\UEFA-BetaNGC\src\lib\gc\realgraph\lib\librealshapez.a(shpsize.cpp.obj)
0x803EC6F8	0x11C	SHAPE_size	C:\UEFA-BetaNGC\src\lib\gc\realgraph\lib\librealshapez.a(shpsize.cpp.obj)
0x803EC83C	0x148	SHAPE_swizzleat	C:\UEFA-BetaNGC\src\lib\gc\realgraph\lib\librealshapez.a(shpswizzle.cpp.obj)
0x803EC984	0x50	SHAPE_swizzle	C:\UEFA-BetaNGC\src\lib\gc\realgraph\lib\librealshapez.a(shpswizzle.cpp.obj)
0x803EC9D4	0x9C	SHAPE_type	C:\UEFA-BetaNGC\src\lib\gc\realgraph\lib\librealshapez.a(shptype.cpp.obj)
0x803ECA70	0x160	SHAPE_writepixel	C:\UEFA-BetaNGC\src\lib\gc\realgraph\lib\librealshapez.a(shpwritepix.cpp.obj)
0x803ECFBC	0x54	SHAPE_cluttype	C:\UEFA-BetaNGC\src\lib\gc\realgraph\lib\librealshapez.a(cluttype.cpp.obj)
0x803ED010	0xA0	GetSwizzledPixelOffset(int, int, int, int, int)	C:\UEFA-BetaNGC\src\lib\gc\realgraph\lib\librealshapez.a(getoffset.cpp.obj)
0x803EE8F8	0x80	Realmc::Interface::CreateInstance(Realmc::SystemInterface &)	C:\uefa-betangc\packages\realmemcard\2.10.02-layer2\lib\gc-sn\librealmemcardz.a(gc_interface.cpp.obj)
0x803EEB08	0x118	Realmc::GCInterface::~GCInterface(void)	C:\uefa-betangc\packages\realmemcard\2.10.02-layer2\lib\gc-sn\librealmemcardz.a(gc_interface.cpp.obj)
0x803EF0F0	0xD8	Realmc::GCInterface::ConvertUmsgToOption(Realmc::UserMessage, int, Realmc::TaskID)	C:\uefa-betangc\packages\realmemcard\2.10.02-layer2\lib\gc-sn\librealmemcardz.a(gc_interface.cpp.obj)
0x803EFC80	0x40	Realmc::TaskTrcGetCardInfo::Clear(void)	C:\uefa-betangc\packages\realmemcard\2.10.02-layer2\lib\gc-sn\librealmemcardz.a(gc_interface.cpp.obj)
0x803EFF10	0x90	Realmc::TaskManager::StartTask(Realmc::Task *)	C:\uefa-betangc\packages\realmemcard\2.10.02-layer2\lib\gc-sn\librealmemcardz.a(gc_interface.cpp.obj)
0x803EFFA0	0x70	Realmc::TaskManager::EndTask(Realmc::Task *)	C:\uefa-betangc\packages\realmemcard\2.10.02-layer2\lib\gc-sn\librealmemcardz.a(gc_interface.cpp.obj)
0x803F0918	0xE4	Realmc::GCInterface::GetCardName(Realmc::CardID &, wchar_t *, int)	C:\uefa-betangc\packages\realmemcard\2.10.02-layer2\lib\gc-sn\librealmemcardz.a(gc_public.cpp.obj)
0x803F693C	0xC8	Realmc::InterfaceImp::~InterfaceImp(void)	C:\uefa-betangc\packages\realmemcard\2.10.02-layer2\lib\gc-sn\librealmemcardz.a(interfaceimp.cpp.obj)
0x803F6A18	0x8C	Realmc::InterfaceImp::Release(void)	C:\uefa-betangc\packages\realmemcard\2.10.02-layer2\lib\gc-sn\librealmemcardz.a(interfaceimp.cpp.obj)
0x803F6AE0	0x438	Realmc::Locale::GetString(int, char *,...)	C:\uefa-betangc\packages\realmemcard\2.10.02-layer2\lib\gc-sn\librealmemcardz.a(locale.cpp.obj)
0x803F6F18	0x30	Realmc::Locale::GetWstrLength(unsigned wchar_t *)	C:\uefa-betangc\packages\realmemcard\2.10.02-layer2\lib\gc-sn\librealmemcardz.a(locale.cpp.obj)
0x803F6F50	0x74	Realmc::AllocateMemSize(char *, int, int, int, int)	C:\uefa-betangc\packages\realmemcard\2.10.02-layer2\lib\gc-sn\librealmemcardz.a(memcard_memvectors.cpp.obj)
0x803F6FC4	0x40	Realmc::FreeMemSize(void *, int)	C:\uefa-betangc\packages\realmemcard\2.10.02-layer2\lib\gc-sn\librealmemcardz.a(memcard_memvectors.cpp.obj)
0x803F7048	0x50	Realmc::BlockCalculatorImp::Init(Realmc::GCDriver *, unsigned int)	C:\uefa-betangc\packages\realmemcard\2.10.02-layer2\lib\gc-sn\librealmemcardz.a(gc_blockcalculator.cpp.obj)
0x803F70AC	0x54	Realmc::BlockCalculatorImp::SetFileInfo(Realmc::CardID &, Realmc::FileInfo &)	C:\uefa-betangc\packages\realmemcard\2.10.02-layer2\lib\gc-sn\librealmemcardz.a(gc_blockcalculator.cpp.obj)
0x803F7310	0xA0	Realmc::GCDriver::~GCDriver(void)	C:\uefa-betangc\packages\realmemcard\2.10.02-layer2\lib\gc-sn\librealmemcardz.a(gc_driver.cpp.obj)
0x803F73B0	0x100	Realmc::GCDriver::ConvertCardResult(int)	C:\uefa-betangc\packages\realmemcard\2.10.02-layer2\lib\gc-sn\librealmemcardz.a(gc_driver.cpp.obj)
0x803F74E0	0xA4	Realmc::GCDriver::CardExists(Realmc::CardID &)	C:\uefa-betangc\packages\realmemcard\2.10.02-layer2\lib\gc-sn\librealmemcardz.a(gc_driver.cpp.obj)
0x803F7604	0x138	Realmc::GCDriver::GetSectorSize(Realmc::CardID &)	C:\uefa-betangc\packages\realmemcard\2.10.02-layer2\lib\gc-sn\librealmemcardz.a(gc_driver.cpp.obj)
0x803F7748	0x184	Realmc::GCDriver::Mount(Realmc::CardID &)	C:\uefa-betangc\packages\realmemcard\2.10.02-layer2\lib\gc-sn\librealmemcardz.a(gc_driver.cpp.obj)
0x803F78CC	0x8C	Realmc::GCDriver::Unmount(Realmc::CardID &)	C:\uefa-betangc\packages\realmemcard\2.10.02-layer2\lib\gc-sn\librealmemcardz.a(gc_driver.cpp.obj)
0x803F7EB4	0x30	Realmc::GCDriver::GetIconSize(Realmc::FileInfo *)	C:\uefa-betangc\packages\realmemcard\2.10.02-layer2\lib\gc-sn\librealmemcardz.a(gc_driver.cpp.obj)
0x803F7EE4	0x208	Realmc::GCDriver::WriteFile(Realmc::OpenFileDescriptor *, void *, int, int *)	C:\uefa-betangc\packages\realmemcard\2.10.02-layer2\lib\gc-sn\librealmemcardz.a(gc_driver.cpp.obj)
0x803F8434	0x1D0	Realmc::GCDriver::ReadFile(Realmc::OpenFileDescriptor *, void *, int, int *)	C:\uefa-betangc\packages\realmemcard\2.10.02-layer2\lib\gc-sn\librealmemcardz.a(gc_driver.cpp.obj)
0x803F8730	0x78	Realmc::GCDriver::GetFreeCardSpace(Realmc::CardID &, int *, int *)	C:\uefa-betangc\packages\realmemcard\2.10.02-layer2\lib\gc-sn\librealmemcardz.a(gc_driver.cpp.obj)
0x803F87A8	0xB4	Realmc::GCDriver::DeleteFile(Realmc::CardID &, Realmc::FileInfo *)	C:\uefa-betangc\packages\realmemcard\2.10.02-layer2\lib\gc-sn\librealmemcardz.a(gc_driver.cpp.obj)
0x803F88D8	0x6C	Realmc::GCDriver::FormatCard(Realmc::CardID &)	C:\uefa-betangc\packages\realmemcard\2.10.02-layer2\lib\gc-sn\librealmemcardz.a(gc_driver.cpp.obj)
0x803F894C	0x64	Realmc::GCDriver::IsOurFile(char *, char *)	C:\uefa-betangc\packages\realmemcard\2.10.02-layer2\lib\gc-sn\librealmemcardz.a(gc_driver.cpp.obj)
0x803F8C44	0x70	Realmc::GCDriver::SetAttributes(Realmc::CardID, char *, Realmc::FileAttribute)	C:\uefa-betangc\packages\realmemcard\2.10.02-layer2\lib\gc-sn\librealmemcardz.a(gc_driver.cpp.obj)
0x803F8CB4	0xD8	Realmc::GCDriver::FindFileNumber(char *, int *)	C:\uefa-betangc\packages\realmemcard\2.10.02-layer2\lib\gc-sn\librealmemcardz.a(gc_driver.cpp.obj)
0x803F8D8C	0x50	Realmc::GCDriver::NGCSportsBioSeek(Realmc::GcFileDescriptor *, int, Realmc::SeekFrom)	C:\uefa-betangc\packages\realmemcard\2.10.02-layer2\lib\gc-sn\librealmemcardz.a(gc_driver.cpp.obj)
0x803F8DDC	0xC8	Realmc::GCDriver::NGCSportsBioRead(Realmc::GcFileDescriptor *, void *, int, int *)	C:\uefa-betangc\packages\realmemcard\2.10.02-layer2\lib\gc-sn\librealmemcardz.a(gc_driver.cpp.obj)
0x803F8EA4	0xDC	Realmc::GCDriver::NGCSportsBioWrite(Realmc::GcFileDescriptor *, void *, int, int *)	C:\uefa-betangc\packages\realmemcard\2.10.02-layer2\lib\gc-sn\librealmemcardz.a(gc_driver.cpp.obj)
0x803F8F80	0x78	Realmc::GCDriver::NGCSportsBioClose(Realmc::GcFileDescriptor *)	C:\uefa-betangc\packages\realmemcard\2.10.02-layer2\lib\gc-sn\librealmemcardz.a(gc_driver.cpp.obj)
0x803F8FF8	0x11C	Realmc::GCDriver::NGCSportsBioCreate(Realmc::GcFileDescriptor *)	C:\uefa-betangc\packages\realmemcard\2.10.02-layer2\lib\gc-sn\librealmemcardz.a(gc_driver.cpp.obj)
0x803F9234	0x48	Realmc::CmnFileDescriptor::Clear(void)	C:\uefa-betangc\packages\realmemcard\2.10.02-layer2\lib\gc-sn\librealmemcardz.a(gc_driver.cpp.obj)
0x803F927C	0x5C	Realmc::CmnFileDescriptor::Init(Realmc::CardID &, Realmc::FileInfo &, Realmc::FileOpenMode)	C:\uefa-betangc\packages\realmemcard\2.10.02-layer2\lib\gc-sn\librealmemcardz.a(gc_driver.cpp.obj)
0x803F9350	0xA4	Realmc::GcFileDescriptor::Init(Realmc::CardID &, Realmc::FileInfo &, Realmc::FileOpenMode)	C:\uefa-betangc\packages\realmemcard\2.10.02-layer2\lib\gc-sn\librealmemcardz.a(gc_driver.cpp.obj)
0x803F9494	0xB0	FILESYS_init	C:\UEFA-BetaNGC\src\lib\gc\realcore\lib\librealfilez.a(filesys.cpp.obj)
0x803F9544	0xF8	FILESYS_initadr	C:\UEFA-BetaNGC\src\lib\gc\realcore\lib\librealfilez.a(filesys.cpp.obj)
0x803F9664	0x4C	FILESYS_opstatus	C:\UEFA-BetaNGC\src\lib\gc\realcore\lib\librealfilez.a(filesys.cpp.obj)
0x803F96B0	0x7C	FILESYS_callbackop	C:\UEFA-BetaNGC\src\lib\gc\realcore\lib\librealfilez.a(filesys.cpp.obj)
0x803F972C	0x158	FILESYS_priorityop	C:\UEFA-BetaNGC\src\lib\gc\realcore\lib\librealfilez.a(filesys.cpp.obj)
0x803F9884	0x164	FILESYS_cancelop	C:\UEFA-BetaNGC\src\lib\gc\realcore\lib\librealfilez.a(filesys.cpp.obj)
0x803F99E8	0x98	FILESYS_waitop	C:\UEFA-BetaNGC\src\lib\gc\realcore\lib\librealfilez.a(filesys.cpp.obj)
0x803F9A80	0x148	FILESYS_completeop	C:\UEFA-BetaNGC\src\lib\gc\realcore\lib\librealfilez.a(filesys.cpp.obj)
0x803F9BC8	0x90	FILESYS_exists	C:\UEFA-BetaNGC\src\lib\gc\realcore\lib\librealfilez.a(filesys.cpp.obj)
0x803F9C58	0x90	FILESYS_open	C:\UEFA-BetaNGC\src\lib\gc\realcore\lib\librealfilez.a(filesys.cpp.obj)
0x803F9CE8	0x8C	FILESYS_close	C:\UEFA-BetaNGC\src\lib\gc\realcore\lib\librealfilez.a(filesys.cpp.obj)
0x803F9D74	0x98	FILESYS_read	C:\UEFA-BetaNGC\src\lib\gc\realcore\lib\librealfilez.a(filesys.cpp.obj)
0x803F9E0C	0x84	FILESYS_write	C:\UEFA-BetaNGC\src\lib\gc\realcore\lib\librealfilez.a(filesys.cpp.obj)
0x803F9E90	0x6C	FILESYS_size	C:\UEFA-BetaNGC\src\lib\gc\realcore\lib\librealfilez.a(filesys.cpp.obj)
0x803F9EFC	0x16C	iFILE_addbigreadcallback(int, int, void *)	C:\UEFA-BetaNGC\src\lib\gc\realcore\lib\librealfilez.a(filesys.cpp.obj)
0x803FA068	0x98	iFILE_addbigopencallback(int, int, void *)	C:\UEFA-BetaNGC\src\lib\gc\realcore\lib\librealfilez.a(filesys.cpp.obj)
0x803FA100	0x114	FILESYS_addbig	C:\UEFA-BetaNGC\src\lib\gc\realcore\lib\librealfilez.a(filesys.cpp.obj)
0x803FA214	0x34	iFILE_delbigclosecallback(int, int, void *)	C:\UEFA-BetaNGC\src\lib\gc\realcore\lib\librealfilez.a(filesys.cpp.obj)
0x803FA248	0x16C	FILESYS_delbig	C:\UEFA-BetaNGC\src\lib\gc\realcore\lib\librealfilez.a(filesys.cpp.obj)
0x803FA3B4	0x5C	FILESYS_atomic	C:\UEFA-BetaNGC\src\lib\gc\realcore\lib\librealfilez.a(filesys.cpp.obj)
0x803FA888	0xC0	iFILE_CommandCompleteCallback(int)	C:\UEFA-BetaNGC\src\lib\gc\realcore\lib\librealfilez.a(filesys.cpp.obj)
0x803FAB68	0x194	FILESYS_bypassqueuefileinfo	C:\UEFA-BetaNGC\src\lib\gc\realcore\lib\librealfilez.a(filesys.cpp.obj)
0x803FACFC	0x64	FILESYS_getopts	C:\UEFA-BetaNGC\src\lib\gc\realcore\lib\librealfilez.a(filesysopts.cpp.obj)
0x803FAD60	0x70	FILESYS_setopts	C:\UEFA-BetaNGC\src\lib\gc\realcore\lib\librealfilez.a(filesysopts.cpp.obj)
0x803FB59C	0xB0	ASYNCFILE_load	C:\UEFA-BetaNGC\src\lib\gc\realcore\lib\librealfilez.a(hlafile.cpp.obj)
0x803FB64C	0xB0	ASYNCFILE_loadat	C:\UEFA-BetaNGC\src\lib\gc\realcore\lib\librealfilez.a(hlafile.cpp.obj)
0x803FB6FC	0x68	ASYNCFILE_getstatus	C:\UEFA-BetaNGC\src\lib\gc\realcore\lib\librealfilez.a(hlafile.cpp.obj)
0x803FB764	0x124	ASYNCFILE_release	C:\UEFA-BetaNGC\src\lib\gc\realcore\lib\librealfilez.a(hlafile.cpp.obj)
0x803FB888	0xCC	ASYNCFILE_cancel	C:\UEFA-BetaNGC\src\lib\gc\realcore\lib\librealfilez.a(hlafile.cpp.obj)
0x803FB9E8	0x40	FILE_size	C:\UEFA-BetaNGC\src\lib\gc\realcore\lib\librealfilez.a(hlsfile.cpp.obj)
0x803FBC34	0x60	FILE_loadsizez	C:\UEFA-BetaNGC\src\lib\gc\realcore\lib\librealfilez.a(hlsfile.cpp.obj)
0x803FBD28	0x50	FILE_loadat	C:\UEFA-BetaNGC\src\lib\gc\realcore\lib\librealfilez.a(hlsfile.cpp.obj)
0x803FC064	0x12C	FILE_loadpackz	C:\UEFA-BetaNGC\src\lib\gc\realcore\lib\librealfilez.a(loadpack.cpp.obj)
0x803FDBC4	0xBC	STREAM_setfilter	C:\UEFA-BetaNGC\src\lib\gc\realcore\lib\librealfilez.a(stream.cpp.obj)
0x803FDC80	0xA8	STREAM_destroy	C:\UEFA-BetaNGC\src\lib\gc\realcore\lib\librealfilez.a(stream.cpp.obj)
0x803FDD28	0x50	STREAM_setpriority	C:\UEFA-BetaNGC\src\lib\gc\realcore\lib\librealfilez.a(stream.cpp.obj)
0x803FDD78	0x74	STREAM_setgreedylevel	C:\UEFA-BetaNGC\src\lib\gc\realcore\lib\librealfilez.a(stream.cpp.obj)
0x803FDDEC	0x68	STREAM_setgreedystate	C:\UEFA-BetaNGC\src\lib\gc\realcore\lib\librealfilez.a(stream.cpp.obj)
0x803FDE54	0x6C	STREAM_taphandle	C:\UEFA-BetaNGC\src\lib\gc\realcore\lib\librealfilez.a(stream.cpp.obj)
0x803FDEC0	0xF4	STREAM_queuefile	C:\UEFA-BetaNGC\src\lib\gc\realcore\lib\librealfilez.a(stream.cpp.obj)
0x803FDFB4	0x1A0	STREAM_queuemem	C:\UEFA-BetaNGC\src\lib\gc\realcore\lib\librealfilez.a(stream.cpp.obj)
0x803FE154	0x2C4	STREAM_cancelrequest	C:\UEFA-BetaNGC\src\lib\gc\realcore\lib\librealfilez.a(stream.cpp.obj)
0x803FE660	0x180	STREAM_get	C:\UEFA-BetaNGC\src\lib\gc\realcore\lib\librealfilez.a(stream.cpp.obj)
0x803FE7E0	0x134	STREAM_release	C:\UEFA-BetaNGC\src\lib\gc\realcore\lib\librealfilez.a(stream.cpp.obj)
0x803FE994	0x5C	STREAM_isendofstream	C:\UEFA-BetaNGC\src\lib\gc\realcore\lib\librealfilez.a(stream.cpp.obj)
0x803FE9F0	0x48	STREAM_buffersize	C:\UEFA-BetaNGC\src\lib\gc\realcore\lib\librealfilez.a(stream.cpp.obj)
0x803FECF8	0x50	FILESYS_sizesync	C:\UEFA-BetaNGC\src\lib\gc\realcore\lib\librealfilez.a(syncfile.cpp.obj)
0x803FEE70	0x78	initfiledev(void)	C:\UEFA-BetaNGC\src\lib\gc\realcore\lib\librealfilez.a(filedev.cpp.obj)
0x803FF1BC	0x54	closefile(HANDLE_def *)	C:\UEFA-BetaNGC\src\lib\gc\realcore\lib\librealfilez.a(filedev.cpp.obj)
0x803FF714	0x4C	readfile(HANDLE_def *, void *, int, int)	C:\UEFA-BetaNGC\src\lib\gc\realcore\lib\librealfilez.a(filedev.cpp.obj)
0x803FF760	0x64	writefile(HANDLE_def *, void *, int, int)	C:\UEFA-BetaNGC\src\lib\gc\realcore\lib\librealfilez.a(filedev.cpp.obj)
0x803FF7C4	0x84	getfilesize(HANDLE_def *)	C:\UEFA-BetaNGC\src\lib\gc\realcore\lib\librealfilez.a(filedev.cpp.obj)
0x803FF850	0x38	InitAlarm(void)	C:\UEFA-BetaNGC\src\lib\gc\realcore\lib\librealsystemz.a(inittmr.cpp.obj)
0x803FF888	0x10C	TIMER_init	C:\UEFA-BetaNGC\src\lib\gc\realcore\lib\librealsystemz.a(inittmr.cpp.obj)
0x803FF994	0x40	TIMER_restore	C:\UEFA-BetaNGC\src\lib\gc\realcore\lib\librealsystemz.a(inittmr.cpp.obj)
0x803FFC58	0x144	MEM_fill	C:\UEFA-BetaNGC\src\lib\gc\realcore\lib\librealsystemz.a(memfill.cpp.obj)
0x803FFE3C	0x7C	THREAD_createparam	C:\UEFA-BetaNGC\src\lib\gc\realcore\lib\librealsystemz.a(threads.cpp.obj)
0x803FFEB8	0x54	THREAD_destroy	C:\UEFA-BetaNGC\src\lib\gc\realcore\lib\librealsystemz.a(threads.cpp.obj)
0x803FFFA8	0x60	THREAD_yield	C:\UEFA-BetaNGC\src\lib\gc\realcore\lib\librealsystemz.a(threads.cpp.obj)
0x80400008	0x60	THREAD_iscurrent	C:\UEFA-BetaNGC\src\lib\gc\realcore\lib\librealsystemz.a(threads.cpp.obj)
0x80400068	0x60	THREAD_setpriority	C:\UEFA-BetaNGC\src\lib\gc\realcore\lib\librealsystemz.a(threads.cpp.obj)
0x804000C8	0x4C	THREAD_testexit	C:\UEFA-BetaNGC\src\lib\gc\realcore\lib\librealsystemz.a(threads.cpp.obj)
0x80400114	0x48	THREAD_waitexit	C:\UEFA-BetaNGC\src\lib\gc\realcore\lib\librealsystemz.a(threads.cpp.obj)
0x8040015C	0x88	ttInit(void)	C:\UEFA-BetaNGC\src\lib\gc\realcore\lib\librealsystemz.a(timerthread.cpp.obj)
0x804001E4	0x38	ttKill(void)	C:\UEFA-BetaNGC\src\lib\gc\realcore\lib\librealsystemz.a(timerthread.cpp.obj)
0x804002BC	0xDC	REAL_abortmessage	C:\UEFA-BetaNGC\src\lib\gc\realcore\lib\librealsystemz.a(abortmsg.cpp.obj)
0x80400398	0x100	SYSTEM_abortmessage	C:\UEFA-BetaNGC\src\lib\gc\realcore\lib\librealsystemz.a(abortmsg.cpp.obj)
0x804004D0	0x50	CPU_detect	C:\UEFA-BetaNGC\src\lib\gc\realcore\lib\librealsystemz.a(cpudetect.cpp.obj)
0x80400520	0x40	MEM_crc16	C:\UEFA-BetaNGC\src\lib\gc\realcore\lib\librealsystemz.a(crc.cpp.obj)
0x80400560	0x7C	RealmcUtils::Crc32(void *, int)	C:\uefa-betangc\packages\realmemcard\2.10.02-layer2\lib\gc-sn\librealmemcardz.a(memcard_utilities.cpp.obj)
0x804005DC	0x40	DEBUG_break	C:\UEFA-BetaNGC\src\lib\gc\realcore\lib\librealsystemz.a(debugger.cpp.obj)
0x804006FC	0x50	REAL_removeexit	C:\UEFA-BetaNGC\src\lib\gc\realcore\lib\librealsystemz.a(exit.cpp.obj)
0x80400774	0x60	MEM_move	C:\UEFA-BetaNGC\src\lib\gc\realcore\lib\librealsystemz.a(memmove.cpp.obj)
0x80400B70	0x64	PRINT_setdevicestate	C:\UEFA-BetaNGC\src\lib\gc\realcore\lib\librealsystemz.a(printstr.cpp.obj)
0x80400BD4	0x48	PRINT_setchannelstate	C:\UEFA-BetaNGC\src\lib\gc\realcore\lib\librealsystemz.a(printstr.cpp.obj)
0x80400DAC	0x38	TIMER_elapsedticks	C:\UEFA-BetaNGC\src\lib\gc\realcore\lib\librealsystemz.a(timer.cpp.obj)
0x80400E8C	0x6C	MEMSYS_validaddress	C:\UEFA-BetaNGC\src\lib\gc\realcore\lib\librealsystemz.a(validadr.cpp.obj)
0x80400F80	0x30	SIGNAL_create	C:\UEFA-BetaNGC\src\lib\gc\realcore\lib\librealsystemz.a(signals.cpp.obj)
0x80400FB0	0x34	SIGNAL_set	C:\UEFA-BetaNGC\src\lib\gc\realcore\lib\librealsystemz.a(signals.cpp.obj)
0x80401644	0xCC	sizerefpack	C:\UEFA-BetaNGC\src\lib\gc\realcore\lib\librealcodecz.a(refsize.cpp.obj)
0x80401710	0xA0	unpackz	C:\UEFA-BetaNGC\src\lib\gc\realcore\lib\librealcodecz.a(unpack.cpp.obj)
0x804017D0	0x134	unpacksizez	C:\UEFA-BetaNGC\src\lib\gc\realcore\lib\librealcodecz.a(unpack.cpp.obj)
0x80401924	0x298	REF_decode(void *, void *, int *)	C:\UEFA-BetaNGC\src\lib\gc\realcore\lib\librealcodecz.a(refdecode.cpp.obj)
0x80401BBC	0x40	fixedmult	C:\UEFA-BetaNGC\src\lib\gc\realcore\lib\librealmathz.a(fixdmult.cpp.obj)
0x80401BFC	0x118	MATRIX4_multyrot	C:\UEFA-BetaNGC\src\lib\gc\realcore\lib\librealmathz.a(mat4bld.cpp.obj)
0x80401D14	0x3DC	MATRIX4_mult	C:\UEFA-BetaNGC\src\lib\gc\realcore\lib\librealmathz.a(mat4math.cpp.obj)
0x804020F0	0x198	MATRIX4_vect3mult	C:\UEFA-BetaNGC\src\lib\gc\realcore\lib\librealmathz.a(mat4math.cpp.obj)
0x80402288	0x13C	MATRIX4_vect3mult3	C:\UEFA-BetaNGC\src\lib\gc\realcore\lib\librealmathz.a(mat4math.cpp.obj)
0x804023C4	0x1AC	MATRIX4_vect4mult	C:\UEFA-BetaNGC\src\lib\gc\realcore\lib\librealmathz.a(mat4math.cpp.obj)
0x80402970	0x48	rsincos	C:\UEFA-BetaNGC\src\lib\gc\realcore\lib\librealmathz.a(rmtrigfl.cpp.obj)
0x804029B8	0x4C	v3add	C:\UEFA-BetaNGC\src\lib\gc\realcore\lib\librealmathz.a(rmv3arit.cpp.obj)
0x80402A04	0x4C	v3sub	C:\UEFA-BetaNGC\src\lib\gc\realcore\lib\librealmathz.a(rmv3arit.cpp.obj)
0x80402A50	0x40	v3scale	C:\UEFA-BetaNGC\src\lib\gc\realcore\lib\librealmathz.a(rmv3arit.cpp.obj)
0x80402A90	0x3C	v3length	C:\UEFA-BetaNGC\src\lib\gc\realcore\lib\librealmathz.a(rmv3flot.cpp.obj)
0x80402ACC	0x40	v3crossprod	C:\UEFA-BetaNGC\src\lib\gc\realcore\lib\librealmathz.a(rmv3math.cpp.obj)
0x80402B48	0x60	v3unit	C:\UEFA-BetaNGC\src\lib\gc\realcore\lib\librealmathz.a(rmv3math.cpp.obj)
0x80402BA8	0x44	v3dot	C:\UEFA-BetaNGC\src\lib\gc\realcore\lib\librealmathz.a(rmv3math.cpp.obj)
0x80402CAC	0x138	LOCALE_getstr	C:\UEFA-BetaNGC\src\lib\gc\realcore\lib\librealstdz.a(locale.cpp.obj)
0x80402DE4	0x114	LOCALE_create	C:\UEFA-BetaNGC\src\lib\gc\realcore\lib\librealstdz.a(locale.cpp.obj)
0x80403534	0x8B0	USTR_vsprintf	C:\UEFA-BetaNGC\src\lib\gc\realcore\lib\librealstdz.a(ustrspf.cpp.obj)
0x80406F48	0xA4	PCreadAsyncInit	C:\Program Files\SN Systems\ngc\lib\libsn.a(FSasync.o)
0x80407390	0x54	CompleteAsync	C:\Program Files\SN Systems\ngc\lib\libsn.a(FSasync.o)
0x804073E4	0x74	PCrwAsyncNextPh	C:\Program Files\SN Systems\ngc\lib\libsn.a(FSasync.o)
0x80407594	0x70	SNInitEXI2TCHandler	C:\Program Files\SN Systems\ngc\lib\libsn.a(FSasync.o)
0x80407BA8	0xBC	SNDVDEmuControl	C:\Program Files\SN Systems\ngc\lib\libsn.a(sndvd.o)
0x80407C64	0xB8	fclose	C:\Program Files\SN Systems\ngc\lib\libc.a(fclose.obj)
0x80407D1C	0xF4	fflush	C:\Program Files\SN Systems\ngc\lib\libc.a(fflush.obj)
0x80407E6C	0xB0	_sn_sinit	C:\Program Files\SN Systems\ngc\lib\libc.a(fopen.obj)
0x80407F1C	0x144	_sn_sfp	C:\Program Files\SN Systems\ngc\lib\libc.a(fopen.obj)
0x80408060	0xEC	_fopen_r	C:\Program Files\SN Systems\ngc\lib\libc.a(fopen.obj)
0x8040814C	0x30	fopen	C:\Program Files\SN Systems\ngc\lib\libc.a(fopen.obj)
0x80408238	0x3E4	fseek	C:\Program Files\SN Systems\ngc\lib\libc.a(fseek.obj)
0x8040861C	0x80	_fwalk	C:\Program Files\SN Systems\ngc\lib\libc.a(fwalk.obj)
0x8040869C	0xD8	__smakebuf	C:\Program Files\SN Systems\ngc\lib\libc.a(makebuf.obj)
0x80408840	0x174	__srefill	C:\Program Files\SN Systems\ngc\lib\libc.a(refill.obj)
0x804089B4	0xD8	sprintf	C:\Program Files\SN Systems\ngc\lib\libc.a(sprintf.obj)
0x80408A94	0xF0	sscanf	C:\Program Files\SN Systems\ngc\lib\libc.a(sscanf.obj)
0x80408B84	0x64	__sread	C:\Program Files\SN Systems\ngc\lib\libc.a(stdio.obj)
0x80408BE8	0x70	__swrite	C:\Program Files\SN Systems\ngc\lib\libc.a(stdio.obj)
0x80408C58	0x64	__sseek	C:\Program Files\SN Systems\ngc\lib\libc.a(stdio.obj)
0x80409AE8	0xD4	__sccl	C:\Program Files\SN Systems\ngc\lib\libc.a(vfscanf.obj)
0x80409BBC	0x34	vprintf	C:\Program Files\SN Systems\ngc\lib\libc.a(vprintf.obj)
0x80409BF0	0x5C	vsprintf	C:\Program Files\SN Systems\ngc\lib\libc.a(vsprintf.obj)
0x80409C4C	0x74	vsnprintf	C:\Program Files\SN Systems\ngc\lib\libc.a(vsprintf.obj)
0x80409CC0	0x30	__assert	C:\Program Files\SN Systems\ngc\lib\libc.a(assert.obj)
0x80409CF0	0x98	atexit	C:\Program Files\SN Systems\ngc\lib\libc.a(atexit.obj)
0x80409DD4	0x98	bsearch	C:\Program Files\SN Systems\ngc\lib\libc.a(bsearch.obj)
0x8040A208	0x98C	qsort	C:\Program Files\SN Systems\ngc\lib\libc.a(qsort.obj)
0x8040AF30	0x198	_strtoul_r	C:\Program Files\SN Systems\ngc\lib\libc.a(strtoul.obj)
0x8040B100	0x90	memcmp	C:\Program Files\SN Systems\ngc\lib\libc.a(memcmp.obj)
0x8040B190	0xA4	memcpy	C:\Program Files\SN Systems\ngc\lib\libc.a(memcpy.obj)
0x8040B234	0xEC	memmove	C:\Program Files\SN Systems\ngc\lib\libc.a(memmove.obj)
0x8040B320	0x94	memset	C:\Program Files\SN Systems\ngc\lib\libc.a(memset.obj)
0x8040B448	0x90	strcat	C:\Program Files\SN Systems\ngc\lib\libc.a(strcat.obj)
0x8040B4D8	0x9C	strchr	C:\Program Files\SN Systems\ngc\lib\libc.a(strchr.obj)
0x8040B574	0xA8	strcmp	C:\Program Files\SN Systems\ngc\lib\libc.a(strcmp.obj)
0x8040B61C	0x84	strcpy	C:\Program Files\SN Systems\ngc\lib\libc.a(strcpy.obj)
0x8040B6A0	0x6C	strlen	C:\Program Files\SN Systems\ngc\lib\libc.a(strlen.obj)
0x8040B750	0xE0	strncmp	C:\Program Files\SN Systems\ngc\lib\libc.a(strncmp.obj)
0x8040B830	0xCC	strncpy	C:\Program Files\SN Systems\ngc\lib\libc.a(strncpy.obj)
0x8040B8FC	0x4C	strrchr	C:\Program Files\SN Systems\ngc\lib\libc.a(strrchr.obj)
0x8040B948	0x68	strstr	C:\Program Files\SN Systems\ngc\lib\libc.a(strstr.obj)
0x8040B9D8	0xC8	strtok_r	C:\Program Files\SN Systems\ngc\lib\libc.a(strtok_r.obj)
0x8040BAA0	0x5C	strround	C:\Program Files\SN Systems\ngc\lib\libc.a(vfprintf.obj)
0x8040BAFC	0x4C	strrev	C:\Program Files\SN Systems\ngc\lib\libc.a(vfprintf.obj)
0x8040BB48	0x7C	itoa	C:\Program Files\SN Systems\ngc\lib\libc.a(vfprintf.obj)
0x8040BBC4	0x4E8	fftoa	C:\Program Files\SN Systems\ngc\lib\libc.a(vfprintf.obj)
0x8040C180	0xD8	vfprintf	C:\Program Files\SN Systems\ngc\lib\libc.a(vfprintf.obj)
0x8040D770	0x3C	vfiprintf	C:\Program Files\SN Systems\ngc\lib\libc.a(vfiprintf.obj)
0x8040EAA0	0x1B0	_strtol_r	C:\Program Files\SN Systems\ngc\lib\libc.a(strtol.obj)
0x8040ECE8	0x174	sn_floor	C:\Program Files\SN Systems\ngc\lib\libc.a(math_support.obj)
0x8040EE5C	0x35C	sn_fmod	C:\Program Files\SN Systems\ngc\lib\libc.a(math_support.obj)
0x8040F1B8	0x2FC	sn_log	C:\Program Files\SN Systems\ngc\lib\libc.a(math_support.obj)
0x8040F4B4	0x148	sn_log10	C:\Program Files\SN Systems\ngc\lib\libc.a(math_support.obj)
0x8040F5FC	0x50	_close_r	C:\Program Files\SN Systems\ngc\lib\libc.a(closer.obj)
0x8040F64C	0x58	_fstat_r	C:\Program Files\SN Systems\ngc\lib\libc.a(fstatr.obj)
0x8040F6FC	0x5C	_open_r	C:\Program Files\SN Systems\ngc\lib\libc.a(openr.obj)
0x8040F89C	0x9C	__sflags	C:\Program Files\SN Systems\ngc\lib\libc.a(flags.obj)
0x8040F964	0xE0	fread	C:\Program Files\SN Systems\ngc\lib\libc.a(fread.obj)
0x8040FA44	0x184	ungetc	C:\Program Files\SN Systems\ngc\lib\libc.a(ungetc.obj)
0x8040FBE0	0xC0	memchr	C:\Program Files\SN Systems\ngc\lib\libc.a(memchr.obj)
0x8040FCA0	0x27C	exp	C:\Program Files\SN Systems\ngc\lib\libm.a(e_exp.o)
0x8040FF1C	0x290	log	C:\Program Files\SN Systems\ngc\lib\libm.a(e_log.o)
0x804101AC	0x214	sqrt	C:\Program Files\SN Systems\ngc\lib\libm.a(e_sqrt.o)
0x804103C0	0x158	ceil	C:\Program Files\SN Systems\ngc\lib\libm.a(s_ceil.o)
0x80410518	0xE0	cos	C:\Program Files\SN Systems\ngc\lib\libm.a(s_cos.o)
0x804105F8	0x3C	fabs	C:\Program Files\SN Systems\ngc\lib\libm.a(s_fabs.o)
0x80410634	0x15C	floor	C:\Program Files\SN Systems\ngc\lib\libm.a(s_floor.o)
0x80410790	0xE0	sin	C:\Program Files\SN Systems\ngc\lib\libm.a(s_sin.o)
0x80410870	0x24C	acosf	C:\Program Files\SN Systems\ngc\lib\libm.a(ef_acos.o)
0x80410ABC	0x22C	asinf	C:\Program Files\SN Systems\ngc\lib\libm.a(ef_asin.o)
0x80410CE8	0x220	atan2f	C:\Program Files\SN Systems\ngc\lib\libm.a(ef_atan2.o)
0x80410F08	0x280	logf	C:\Program Files\SN Systems\ngc\lib\libm.a(ef_log.o)
0x80411188	0xF8	sqrtf	C:\Program Files\SN Systems\ngc\lib\libm.a(ef_sqrt.o)
0x80411280	0x210	atanf	C:\Program Files\SN Systems\ngc\lib\libm.a(sf_atan.o)
0x80411490	0xC4	ceilf	C:\Program Files\SN Systems\ngc\lib\libm.a(sf_ceil.o)
0x80411554	0xDC	cosf	C:\Program Files\SN Systems\ngc\lib\libm.a(sf_cos.o)
0x80411654	0xC8	floorf	C:\Program Files\SN Systems\ngc\lib\libm.a(sf_floor.o)
0x8041171C	0xDC	sinf	C:\Program Files\SN Systems\ngc\lib\libm.a(sf_sin.o)
0x804117F8	0x80	tanf	C:\Program Files\SN Systems\ngc\lib\libm.a(sf_tan.o)
0x80411878	0xF4	__kernel_cos	C:\Program Files\SN Systems\ngc\lib\libm.a(k_cos.o)
0x8041196C	0xAC	__kernel_sin	C:\Program Files\SN Systems\ngc\lib\libm.a(k_sin.o)
0x80411A18	0x364	__ieee754_rem_pio2	C:\Program Files\SN Systems\ngc\lib\libm.a(e_rem_pio2.o)
0x80411D7C	0xEC	__kernel_cosf	C:\Program Files\SN Systems\ngc\lib\libm.a(kf_cos.o)
0x80411E68	0xAC	__kernel_sinf	C:\Program Files\SN Systems\ngc\lib\libm.a(kf_sin.o)
0x80411F14	0x214	__kernel_tanf	C:\Program Files\SN Systems\ngc\lib\libm.a(kf_tan.o)
0x80412128	0x350	__ieee754_rem_pio2f	C:\Program Files\SN Systems\ngc\lib\libm.a(ef_rem_pio2.o)
0x80412478	0x888	__kernel_rem_pio2	C:\Program Files\SN Systems\ngc\lib\libm.a(k_rem_pio2.o)
0x80412D00	0x884	__kernel_rem_pio2f	C:\Program Files\SN Systems\ngc\lib\libm.a(kf_rem_pio2.o)
0x80413584	0x154	scalbn	C:\Program Files\SN Systems\ngc\lib\libm.a(s_scalbn.o)
0x804136D8	0x11C	scalbnf	C:\Program Files\SN Systems\ngc\lib\libm.a(sf_scalbn.o)
0x804137F4	0x50	copysign	C:\Program Files\SN Systems\ngc\lib\libm.a(s_copysign.o)
0x80413844	0x34	copysignf	C:\Program Files\SN Systems\ngc\lib\libm.a(sf_copysign.o)
0x80413878	0x90	__do_global_ctors	C:\Program Files\SN Systems\ngc\lib\libgcc.a(__main.o)
0x80413908	0x38	__main	C:\Program Files\SN Systems\ngc\lib\libgcc.a(__main.o)
0x80413940	0x40	__ashldi3	C:\Program Files\SN Systems\ngc\lib\libgcc.a(_ashldi3.o)
0x80413980	0x40	__ashrdi3	C:\Program Files\SN Systems\ngc\lib\libgcc.a(_ashrdi3.o)
0x804139C0	0x57C	__divdi3	C:\Program Files\SN Systems\ngc\lib\libgcc.a(_divdi3.o)
0x80413F44	0x40	__lshrdi3	C:\Program Files\SN Systems\ngc\lib\libgcc.a(_lshrdi3.o)
0x80413F84	0x534	__moddi3	C:\Program Files\SN Systems\ngc\lib\libgcc.a(_moddi3.o)
0x804144D8	0x4E4	__udivdi3	C:\Program Files\SN Systems\ngc\lib\libgcc.a(_udivdi3.o)
0x804149BC	0x498	__umoddi3	C:\Program Files\SN Systems\ngc\lib\libgcc.a(_umoddi3.o)
0x80414F74	0x88	AIInitDMA	C:\Progra~1\DolphinSDK1.0\HW2\lib\ai.a(ai.o)
0x8041502C	0xD8	AISetStreamPlayState	C:\Progra~1\DolphinSDK1.0\HW2\lib\ai.a(ai.o)
0x80415114	0xE0	AISetDSPSampleRate	C:\Progra~1\DolphinSDK1.0\HW2\lib\ai.a(ai.o)
0x80415344	0x16C	AIInit	C:\Progra~1\DolphinSDK1.0\HW2\lib\ai.a(ai.o)
0x80415880	0x3C	ARGetDMAStatus	C:\Progra~1\DolphinSDK1.0\HW2\lib\ar.a(ar.o)
0x804158BC	0xF0	ARStartDMA	C:\Progra~1\DolphinSDK1.0\HW2\lib\ar.a(ar.o)
0x804159AC	0xC4	ARInit	C:\Progra~1\DolphinSDK1.0\HW2\lib\ar.a(ar.o)
0x80417314	0x100	__ARQServiceQueueLo	C:\Progra~1\DolphinSDK1.0\HW2\lib\ar.a(arq.o)
0x80417418	0xCC	__ARQInterruptServiceRoutine	C:\Progra~1\DolphinSDK1.0\HW2\lib\ar.a(arq.o)
0x804174E4	0x70	ARQInit	C:\Progra~1\DolphinSDK1.0\HW2\lib\ar.a(arq.o)
0x80417554	0x15C	ARQPostRequest	C:\Progra~1\DolphinSDK1.0\HW2\lib\ar.a(arq.o)
0x804176B0	0xE8	ARQRemoveRequest	C:\Progra~1\DolphinSDK1.0\HW2\lib\ar.a(arq.o)
0x804177BC	0x4C	AXInitEx	C:\Progra~1\DolphinSDK1.0\HW2\lib\ax.a(AX.o)
0x80417808	0x34	AXQuit	C:\Progra~1\DolphinSDK1.0\HW2\lib\ax.a(AX.o)
0x80417854	0x74	__AXServiceCallbackStack	C:\Progra~1\DolphinSDK1.0\HW2\lib\ax.a(AXAlloc.o)
0x80417A7C	0x94	__AXRemoveFromStack	C:\Progra~1\DolphinSDK1.0\HW2\lib\ax.a(AXAlloc.o)
0x80417B10	0x80	AXFreeVoice	C:\Progra~1\DolphinSDK1.0\HW2\lib\ax.a(AXAlloc.o)
0x80417B90	0x174	AXAcquireVoice	C:\Progra~1\DolphinSDK1.0\HW2\lib\ax.a(AXAlloc.o)
0x80417D04	0xE4	__AXAuxInit	C:\Progra~1\DolphinSDK1.0\HW2\lib\ax.a(AXAux.o)
0x80417F50	0x23C	__AXProcessAux	C:\Progra~1\DolphinSDK1.0\HW2\lib\ax.a(AXAux.o)
0x804181A0	0x3C	__AXGetCommandListAddress	C:\Progra~1\DolphinSDK1.0\HW2\lib\ax.a(AXCL.o)
0x804181DC	0x6B0	__AXNextFrame	C:\Progra~1\DolphinSDK1.0\HW2\lib\ax.a(AXCL.o)
0x804188D0	0x1B8	__AXOutNewFrame	C:\Progra~1\DolphinSDK1.0\HW2\lib\ax.a(AXOut.o)
0x80418A88	0xBC	__AXOutAiCallback	C:\Progra~1\DolphinSDK1.0\HW2\lib\ax.a(AXOut.o)
0x80418BD4	0xCC	__AXOutInitDSP	C:\Progra~1\DolphinSDK1.0\HW2\lib\ax.a(AXOut.o)
0x80418CA0	0x3A0	__AXOutInit	C:\Progra~1\DolphinSDK1.0\HW2\lib\ax.a(AXOut.o)
0x80419040	0x58	__AXOutQuit	C:\Progra~1\DolphinSDK1.0\HW2\lib\ax.a(AXOut.o)
0x804190A4	0x3F8	__AXPrintStudio	C:\Progra~1\DolphinSDK1.0\HW2\lib\ax.a(AXSPB.o)
0x804194CC	0x94	__AXDepopVoice	C:\Progra~1\DolphinSDK1.0\HW2\lib\ax.a(AXSPB.o)
0x80419568	0x74C	__AXServiceVPB	C:\Progra~1\DolphinSDK1.0\HW2\lib\ax.a(AXVPB.o)
0x80419CB4	0x278	__AXSyncPBs	C:\Progra~1\DolphinSDK1.0\HW2\lib\ax.a(AXVPB.o)
0x8041A184	0xC4	AXSetVoiceSrcType	C:\Progra~1\DolphinSDK1.0\HW2\lib\ax.a(AXVPB.o)
0x8041A248	0x5C	AXSetVoiceState	C:\Progra~1\DolphinSDK1.0\HW2\lib\ax.a(AXVPB.o)
0x8041A2A4	0x110	AXSetVoiceAddr	C:\Progra~1\DolphinSDK1.0\HW2\lib\ax.a(AXVPB.o)
0x8041A3B4	0xA4	AXSetVoiceAdpcm	C:\Progra~1\DolphinSDK1.0\HW2\lib\ax.a(AXVPB.o)
0x8041A458	0x98	AXSetVoiceSrcRatio	C:\Progra~1\DolphinSDK1.0\HW2\lib\ax.a(AXVPB.o)
0x8041A4F0	0x6C	AXSetVoiceAdpcmLoop	C:\Progra~1\DolphinSDK1.0\HW2\lib\ax.a(AXVPB.o)
0x8041A55C	0x48	__AXGetCurrentProfile	C:\Progra~1\DolphinSDK1.0\HW2\lib\ax.a(AXProf.o)
0x8041A6C8	0x34	__CARDSyncCallback	C:\Progra~1\DolphinSDK1.0\HW2\lib\card.a(CARDBios.o)
0x8041A6FC	0xD8	__CARDExtHandler	C:\Progra~1\DolphinSDK1.0\HW2\lib\card.a(CARDBios.o)
0x8041A7D4	0x118	__CARDExiHandler	C:\Progra~1\DolphinSDK1.0\HW2\lib\card.a(CARDBios.o)
0x8041A8EC	0xA8	__CARDTxHandler	C:\Progra~1\DolphinSDK1.0\HW2\lib\card.a(CARDBios.o)
0x8041A994	0x84	__CARDUnlockedHandler	C:\Progra~1\DolphinSDK1.0\HW2\lib\card.a(CARDBios.o)
0x8041AA18	0xC0	__CARDEnableInterrupt	C:\Progra~1\DolphinSDK1.0\HW2\lib\card.a(CARDBios.o)
0x8041ACB8	0xAC	__CARDClearStatus	C:\Progra~1\DolphinSDK1.0\HW2\lib\card.a(CARDBios.o)
0x8041B3DC	0x134	__CARDReadSegment	C:\Progra~1\DolphinSDK1.0\HW2\lib\card.a(CARDBios.o)
0x8041B75C	0xAC	CARDInit	C:\Progra~1\DolphinSDK1.0\HW2\lib\card.a(CARDBios.o)
0x8041B810	0x38	__CARDSetDiskID	C:\Progra~1\DolphinSDK1.0\HW2\lib\card.a(CARDBios.o)
0x8041B848	0xB8	__CARDGetControlBlock	C:\Progra~1\DolphinSDK1.0\HW2\lib\card.a(CARDBios.o)
0x8041B900	0x64	__CARDPutControlBlock	C:\Progra~1\DolphinSDK1.0\HW2\lib\card.a(CARDBios.o)
0x8041B964	0x150	CARDFreeBlocks	C:\Progra~1\DolphinSDK1.0\HW2\lib\card.a(CARDBios.o)
0x8041BAB4	0x84	CARDGetSectorSize	C:\Progra~1\DolphinSDK1.0\HW2\lib\card.a(CARDBios.o)
0x8041BB38	0x98	__CARDSync	C:\Progra~1\DolphinSDK1.0\HW2\lib\card.a(CARDBios.o)
0x8041BE14	0x118	__CARDAllocBlock	C:\Progra~1\DolphinSDK1.0\HW2\lib\card.a(CARDBlock.o)
0x8041BF2C	0x9C	__CARDFreeBlock	C:\Progra~1\DolphinSDK1.0\HW2\lib\card.a(CARDBlock.o)
0x8041BFC8	0xAC	__CARDUpdateFatBlock	C:\Progra~1\DolphinSDK1.0\HW2\lib\card.a(CARDBlock.o)
0x8041C214	0xC4	__CARDUpdateDir	C:\Progra~1\DolphinSDK1.0\HW2\lib\card.a(CARDDir.o)
0x8041C2D8	0x1B0	__CARDCheckSum	C:\Progra~1\DolphinSDK1.0\HW2\lib\card.a(CARDCheck.o)
0x8041CBD0	0x8C	__CARDVerify	C:\Progra~1\DolphinSDK1.0\HW2\lib\card.a(CARDCheck.o)
0x8041CC5C	0x590	CARDCheckExAsync	C:\Progra~1\DolphinSDK1.0\HW2\lib\card.a(CARDCheck.o)
0x8041D1EC	0x54	CARDCheck	C:\Progra~1\DolphinSDK1.0\HW2\lib\card.a(CARDCheck.o)
0x8041D30C	0x17C	CARDProbeEx	C:\Progra~1\DolphinSDK1.0\HW2\lib\card.a(CARDMount.o)
0x8041D8DC	0x138	__CARDMountCallback	C:\Progra~1\DolphinSDK1.0\HW2\lib\card.a(CARDMount.o)
0x8041DA14	0x1A0	CARDMountAsync	C:\Progra~1\DolphinSDK1.0\HW2\lib\card.a(CARDMount.o)
0x8041DC98	0xAC	CARDUnmount	C:\Progra~1\DolphinSDK1.0\HW2\lib\card.a(CARDMount.o)
0x8041DE88	0x658	__CARDFormatRegionAsync	C:\Progra~1\DolphinSDK1.0\HW2\lib\card.a(CARDFormat.o)
0x8041E4E0	0x54	CARDFormat	C:\Progra~1\DolphinSDK1.0\HW2\lib\card.a(CARDFormat.o)
0x8041E534	0x68	__CARDCompareFileName	C:\Progra~1\DolphinSDK1.0\HW2\lib\card.a(CARDOpen.o)
0x8041E59C	0x94	__CARDAccess	C:\Progra~1\DolphinSDK1.0\HW2\lib\card.a(CARDOpen.o)
0x8041E630	0x134	__CARDIsWritable	C:\Progra~1\DolphinSDK1.0\HW2\lib\card.a(CARDOpen.o)
0x8041E764	0xF4	__CARDIsReadable	C:\Progra~1\DolphinSDK1.0\HW2\lib\card.a(CARDOpen.o)
0x8041E858	0x150	__CARDGetFileNo	C:\Progra~1\DolphinSDK1.0\HW2\lib\card.a(CARDOpen.o)
0x8041E9A8	0x104	CARDFastOpen	C:\Progra~1\DolphinSDK1.0\HW2\lib\card.a(CARDOpen.o)
0x8041EAAC	0x11C	CARDOpen	C:\Progra~1\DolphinSDK1.0\HW2\lib\card.a(CARDOpen.o)
0x8041EBC8	0x54	CARDClose	C:\Progra~1\DolphinSDK1.0\HW2\lib\card.a(CARDOpen.o)
0x8041ED54	0x220	CARDCreateAsync	C:\Progra~1\DolphinSDK1.0\HW2\lib\card.a(CARDCreate.o)
0x8041EF74	0x48	CARDCreate	C:\Progra~1\DolphinSDK1.0\HW2\lib\card.a(CARDCreate.o)
0x8041EFBC	0x1B8	__CARDSeek	C:\Progra~1\DolphinSDK1.0\HW2\lib\card.a(CARDRead.o)
0x8041F2A4	0x144	CARDReadAsync	C:\Progra~1\DolphinSDK1.0\HW2\lib\card.a(CARDRead.o)
0x8041F650	0x114	CARDWriteAsync	C:\Progra~1\DolphinSDK1.0\HW2\lib\card.a(CARDWrite.o)
0x8041F850	0x12C	CARDFastDeleteAsync	C:\Progra~1\DolphinSDK1.0\HW2\lib\card.a(CARDDelete.o)
0x8041F9C4	0x110	CARDDeleteAsync	C:\Progra~1\DolphinSDK1.0\HW2\lib\card.a(CARDDelete.o)
0x8041FD14	0x114	CARDGetStatus	C:\Progra~1\DolphinSDK1.0\HW2\lib\card.a(CARDStat.o)
0x8041FE28	0x174	CARDSetStatusAsync	C:\Progra~1\DolphinSDK1.0\HW2\lib\card.a(CARDStat.o)
0x80420228	0xE4	CARDSetAttributesAsync	C:\Progra~1\DolphinSDK1.0\HW2\lib\card.a(CARDNet.o)
0x804206C8	0xB58	__CARDUnlock	C:\Progra~1\DolphinSDK1.0\HW2\lib\card.a(CARDUnlock.o)
0x80421690	0x64	__CARDRead	C:\Progra~1\DolphinSDK1.0\HW2\lib\card.a(CARDRdwr.o)
0x80421844	0xA4	__CARDGetStatusEx	C:\Progra~1\DolphinSDK1.0\HW2\lib\card.a(CARDStatEx.o)
0x804218E8	0x29C	__CARDSetStatusExAsync	C:\Progra~1\DolphinSDK1.0\HW2\lib\card.a(CARDStatEx.o)
0x80421BAC	0x48	__DBExceptionDestinationAux	C:\Progra~1\DolphinSDK1.0\HW2\lib\db.a(db.o)
0x80421CBC	0xC4	DSPInit	C:\Progra~1\DolphinSDK1.0\HW2\lib\dsp.a(dsp.o)
0x80421D88	0x70	DSPAddTask	C:\Progra~1\DolphinSDK1.0\HW2\lib\dsp.a(dsp.o)
0x80421DF8	0x40	DSPCancelTask	C:\Progra~1\DolphinSDK1.0\HW2\lib\dsp.a(dsp.o)
0x80421E38	0xC8	DSPAssertTask	C:\Progra~1\DolphinSDK1.0\HW2\lib\dsp.a(dsp.o)
0x80421F50	0x424	__DSPHandler	C:\Progra~1\DolphinSDK1.0\HW2\lib\dsp.a(dsp_task.o)
0x80422374	0x1A0	__DSP_exec_task	C:\Progra~1\DolphinSDK1.0\HW2\lib\dsp.a(dsp_task.o)
0x80422514	0x18C	__DSP_boot_task	C:\Progra~1\DolphinSDK1.0\HW2\lib\dsp.a(dsp_task.o)
0x804226A0	0xA0	__DSP_insert_task	C:\Progra~1\DolphinSDK1.0\HW2\lib\dsp.a(dsp_task.o)
0x80422740	0x94	__DSP_remove_task	C:\Progra~1\DolphinSDK1.0\HW2\lib\dsp.a(dsp_task.o)
0x804227D4	0x38	__DVDFSInit	C:\Progra~1\DolphinSDK1.0\HW2\lib\dvd.a(dvdfs.o)
0x8042280C	0x2F4	DVDConvertPathToEntrynum	C:\Progra~1\DolphinSDK1.0\HW2\lib\dvd.a(dvdfs.o)
0x80422B00	0x74	DVDFastOpen	C:\Progra~1\DolphinSDK1.0\HW2\lib\dvd.a(dvdfs.o)
0x80422EE4	0xC0	DVDReadAsyncPrio	C:\Progra~1\DolphinSDK1.0\HW2\lib\dvd.a(dvdfs.o)
0x80424C14	0xDC	DVDReadAbsAsyncPrio	C:\Progra~1\DolphinSDK1.0\HW2\lib\dvd.a(dvd.o)
0x80424CF0	0xD0	DVDReadAbsAsyncForBS	C:\Progra~1\DolphinSDK1.0\HW2\lib\dvd.a(dvd.o)
0x80424DC0	0xD4	DVDReadDiskID	C:\Progra~1\DolphinSDK1.0\HW2\lib\dvd.a(dvd.o)
0x80424E94	0xBC	DVDCancelStreamAsync	C:\Progra~1\DolphinSDK1.0\HW2\lib\dvd.a(dvd.o)
0x80424F50	0xD0	DVDInquiryAsync	C:\Progra~1\DolphinSDK1.0\HW2\lib\dvd.a(dvd.o)
0x80425020	0x44	DVDReset	C:\Progra~1\DolphinSDK1.0\HW2\lib\dvd.a(dvd.o)
0x80425064	0x4C	DVDGetCommandBlockStatus	C:\Progra~1\DolphinSDK1.0\HW2\lib\dvd.a(dvd.o)
0x804250B0	0xAC	DVDGetDriveStatus	C:\Progra~1\DolphinSDK1.0\HW2\lib\dvd.a(dvd.o)
0x8042516C	0x50	DVDResume	C:\Progra~1\DolphinSDK1.0\HW2\lib\dvd.a(dvd.o)
0x804251BC	0x27C	DVDCancelAsync	C:\Progra~1\DolphinSDK1.0\HW2\lib\dvd.a(dvd.o)
0x80425438	0xAC	DVDCancel	C:\Progra~1\DolphinSDK1.0\HW2\lib\dvd.a(dvd.o)
0x80425510	0xF8	DVDCheckDisk	C:\Progra~1\DolphinSDK1.0\HW2\lib\dvd.a(dvd.o)
0x80425608	0x11C	__DVDPrepareResetAsync	C:\Progra~1\DolphinSDK1.0\HW2\lib\dvd.a(dvd.o)
0x80425724	0x38	__DVDTestAlarm	C:\Progra~1\DolphinSDK1.0\HW2\lib\dvd.a(dvd.o)
0x8042575C	0x38	__DVDClearWaitingQueue	C:\Progra~1\DolphinSDK1.0\HW2\lib\dvd.a(dvdqueue.o)
0x80425794	0x68	__DVDPushWaitingQueue	C:\Progra~1\DolphinSDK1.0\HW2\lib\dvd.a(dvdqueue.o)
0x804257FC	0xA0	__DVDPopWaitingQueue	C:\Progra~1\DolphinSDK1.0\HW2\lib\dvd.a(dvdqueue.o)
0x8042589C	0x58	__DVDCheckWaitingQueue	C:\Progra~1\DolphinSDK1.0\HW2\lib\dvd.a(dvdqueue.o)
0x804258F4	0x60	__DVDDequeueWaitingQueue	C:\Progra~1\DolphinSDK1.0\HW2\lib\dvd.a(dvdqueue.o)
0x80425A70	0x7C	__DVDStoreErrorCode	C:\Progra~1\DolphinSDK1.0\HW2\lib\dvd.a(dvderror.o)
0x80425AEC	0xF8	DVDCompareDiskID	C:\Progra~1\DolphinSDK1.0\HW2\lib\dvd.a(dvdidutils.o)
0x80425BE4	0x30	__DVDPrintFatalMessage	C:\Progra~1\DolphinSDK1.0\HW2\lib\dvd.a(dvdFatal.o)
0x80425CEC	0x168	__fstLoad	C:\Progra~1\DolphinSDK1.0\HW2\lib\dvd.a(fstload.o)
0x80425E54	0x40	__DVDInitWA	C:\Progra~1\DolphinSDK1.0\HW2\lib\dvd.a(dvdlow.o)
0x80425E94	0x2E0	__DVDInterruptHandler	C:\Progra~1\DolphinSDK1.0\HW2\lib\dvd.a(dvdlow.o)
0x804263F8	0x298	DVDLowRead	C:\Progra~1\DolphinSDK1.0\HW2\lib\dvd.a(dvdlow.o)
0x80426690	0x94	DVDLowSeek	C:\Progra~1\DolphinSDK1.0\HW2\lib\dvd.a(dvdlow.o)
0x80426750	0xA4	DVDLowReadDiskID	C:\Progra~1\DolphinSDK1.0\HW2\lib\dvd.a(dvdlow.o)
0x8042690C	0x9C	DVDLowInquiry	C:\Progra~1\DolphinSDK1.0\HW2\lib\dvd.a(dvdlow.o)
0x804269A8	0x98	DVDLowAudioStream	C:\Progra~1\DolphinSDK1.0\HW2\lib\dvd.a(dvdlow.o)
0x80426A40	0x8C	DVDLowRequestAudioStatus	C:\Progra~1\DolphinSDK1.0\HW2\lib\dvd.a(dvdlow.o)
0x80426ACC	0x9C	DVDLowAudioBufferConfig	C:\Progra~1\DolphinSDK1.0\HW2\lib\dvd.a(dvdlow.o)
0x80426B68	0xBC	DVDLowReset	C:\Progra~1\DolphinSDK1.0\HW2\lib\dvd.a(dvdlow.o)
0x80426C54	0x44	__DVDLowSetWAType	C:\Progra~1\DolphinSDK1.0\HW2\lib\dvd.a(dvdlow.o)
0x80426C98	0x38	__DVDLowTestAlarm	C:\Progra~1\DolphinSDK1.0\HW2\lib\dvd.a(dvdlow.o)
0x80426DC4	0x25C	EXIImm	C:\Progra~1\DolphinSDK1.0\HW2\lib\exi.a(EXIBios.o)
0x80427020	0xA0	EXIImmEx	C:\Progra~1\DolphinSDK1.0\HW2\lib\exi.a(EXIBios.o)
0x804270C0	0xEC	EXIDma	C:\Progra~1\DolphinSDK1.0\HW2\lib\exi.a(EXIBios.o)
0x804271AC	0x24C	EXISync	C:\Progra~1\DolphinSDK1.0\HW2\lib\exi.a(EXIBios.o)
0x804273F8	0x48	EXIClearInterrupts	C:\Progra~1\DolphinSDK1.0\HW2\lib\exi.a(EXIBios.o)
0x80427440	0x7C	EXISetExiCallback	C:\Progra~1\DolphinSDK1.0\HW2\lib\exi.a(EXIBios.o)
0x80427630	0x80	EXIProbe	C:\Progra~1\DolphinSDK1.0\HW2\lib\exi.a(EXIBios.o)
0x804276B0	0xB4	EXIProbeEx	C:\Progra~1\DolphinSDK1.0\HW2\lib\exi.a(EXIBios.o)
0x80427764	0x10C	EXIAttach	C:\Progra~1\DolphinSDK1.0\HW2\lib\exi.a(EXIBios.o)
0x80427870	0xBC	EXIDetach	C:\Progra~1\DolphinSDK1.0\HW2\lib\exi.a(EXIBios.o)
0x8042792C	0x12C	EXISelect	C:\Progra~1\DolphinSDK1.0\HW2\lib\exi.a(EXIBios.o)
0x80427A58	0x110	EXIDeselect	C:\Progra~1\DolphinSDK1.0\HW2\lib\exi.a(EXIBios.o)
0x80427F18	0x1D4	EXIInit	C:\Progra~1\DolphinSDK1.0\HW2\lib\exi.a(EXIBios.o)
0x804280EC	0xF4	EXILock	C:\Progra~1\DolphinSDK1.0\HW2\lib\exi.a(EXIBios.o)
0x804281E0	0xDC	EXIUnlock	C:\Progra~1\DolphinSDK1.0\HW2\lib\exi.a(EXIBios.o)
0x804282FC	0x3B0	EXIGetID	C:\Progra~1\DolphinSDK1.0\HW2\lib\exi.a(EXIBios.o)
0x80428838	0x1BC	__OSEnableBarnacle	C:\Progra~1\DolphinSDK1.0\HW2\lib\exi.a(EXIUart.o)
0x804289F4	0x70	InitializeUART	C:\Progra~1\DolphinSDK1.0\HW2\lib\exi.a(EXIUart.o)
0x804296B8	0x938	__GXInitGX	C:\Progra~1\DolphinSDK1.0\HW2\lib\gx.a(GXInit.o)
0x8042A124	0x6C	GXInitFifoBase	C:\Progra~1\DolphinSDK1.0\HW2\lib\gx.a(GXFifo.o)
0x8042A190	0x70	GXInitFifoPtrs	C:\Progra~1\DolphinSDK1.0\HW2\lib\gx.a(GXFifo.o)
0x8042A20C	0x128	GXSetCPUFifo	C:\Progra~1\DolphinSDK1.0\HW2\lib\gx.a(GXFifo.o)
0x8042A334	0x178	GXSetGPFifo	C:\Progra~1\DolphinSDK1.0\HW2\lib\gx.a(GXFifo.o)
0x8042A4AC	0x98	GXGetFifoPtrs	C:\Progra~1\DolphinSDK1.0\HW2\lib\gx.a(GXFifo.o)
0x8042A588	0x8C	GXEnableBreakPt	C:\Progra~1\DolphinSDK1.0\HW2\lib\gx.a(GXFifo.o)
0x8042A614	0x54	GXDisableBreakPt	C:\Progra~1\DolphinSDK1.0\HW2\lib\gx.a(GXFifo.o)
0x8042A668	0x4C	__GXFifoInit	C:\Progra~1\DolphinSDK1.0\HW2\lib\gx.a(GXFifo.o)
0x8042A8A0	0x108	GXRedirectWriteGatherPipe	C:\Progra~1\DolphinSDK1.0\HW2\lib\gx.a(GXFifo.o)
0x8042A9A8	0x1A0	GXRestoreWriteGatherPipe	C:\Progra~1\DolphinSDK1.0\HW2\lib\gx.a(GXFifo.o)
0x8042AB48	0x26C	GXSetVtxDesc	C:\Progra~1\DolphinSDK1.0\HW2\lib\gx.a(GXAttr.o)
0x8042ADB4	0x288	GXSetVtxDescv	C:\Progra~1\DolphinSDK1.0\HW2\lib\gx.a(GXAttr.o)
0x8042B03C	0xBC	__GXSetVCD	C:\Progra~1\DolphinSDK1.0\HW2\lib\gx.a(GXAttr.o)
0x8042B0F8	0x124	__GXCalculateVLim	C:\Progra~1\DolphinSDK1.0\HW2\lib\gx.a(GXAttr.o)
0x8042B21C	0x1B4	GXGetVtxDesc	C:\Progra~1\DolphinSDK1.0\HW2\lib\gx.a(GXAttr.o)
0x8042B3D0	0x90	GXGetVtxDescv	C:\Progra~1\DolphinSDK1.0\HW2\lib\gx.a(GXAttr.o)
0x8042B460	0x38	GXClearVtxDesc	C:\Progra~1\DolphinSDK1.0\HW2\lib\gx.a(GXAttr.o)
0x8042B498	0x25C	GXSetVtxAttrFmt	C:\Progra~1\DolphinSDK1.0\HW2\lib\gx.a(GXAttr.o)
0x8042B6F4	0x280	GXSetVtxAttrFmtv	C:\Progra~1\DolphinSDK1.0\HW2\lib\gx.a(GXAttr.o)
0x8042B9FC	0x280	GXGetVtxAttrFmt	C:\Progra~1\DolphinSDK1.0\HW2\lib\gx.a(GXAttr.o)
0x8042BCD0	0x280	GXSetTexCoordGen2	C:\Progra~1\DolphinSDK1.0\HW2\lib\gx.a(GXAttr.o)
0x8042BF50	0x3C	GXSetNumTexGens	C:\Progra~1\DolphinSDK1.0\HW2\lib\gx.a(GXAttr.o)
0x8042BF8C	0x94	GXSetMisc	C:\Progra~1\DolphinSDK1.0\HW2\lib\gx.a(GXMisc.o)
0x8042C020	0x5C	GXFlush	C:\Progra~1\DolphinSDK1.0\HW2\lib\gx.a(GXMisc.o)
0x8042C07C	0x16C	__GXAbort	C:\Progra~1\DolphinSDK1.0\HW2\lib\gx.a(GXMisc.o)
0x8042C3B0	0xB4	GXSetDrawSync	C:\Progra~1\DolphinSDK1.0\HW2\lib\gx.a(GXMisc.o)
0x8042C464	0x80	GXDrawDone	C:\Progra~1\DolphinSDK1.0\HW2\lib\gx.a(GXMisc.o)
0x8042C554	0x64	GXPokeBlendMode	C:\Progra~1\DolphinSDK1.0\HW2\lib\gx.a(GXMisc.o)
0x8042C7BC	0x74	__GXPEInit	C:\Progra~1\DolphinSDK1.0\HW2\lib\gx.a(GXMisc.o)
0x8042C830	0x80	__GXSetDirtyState	C:\Progra~1\DolphinSDK1.0\HW2\lib\gx.a(GXGeometry.o)
0x8042C8B0	0xD0	GXBegin	C:\Progra~1\DolphinSDK1.0\HW2\lib\gx.a(GXGeometry.o)
0x8042C980	0x88	__GXSendFlushPrim	C:\Progra~1\DolphinSDK1.0\HW2\lib\gx.a(GXGeometry.o)
0x8042CA08	0x40	GXSetLineWidth	C:\Progra~1\DolphinSDK1.0\HW2\lib\gx.a(GXGeometry.o)
0x8042CA48	0x40	GXSetPointSize	C:\Progra~1\DolphinSDK1.0\HW2\lib\gx.a(GXGeometry.o)
0x8042CA88	0x48	GXEnableTexOffsets	C:\Progra~1\DolphinSDK1.0\HW2\lib\gx.a(GXGeometry.o)
0x8042CB14	0x34	GXSetCoPlanar	C:\Progra~1\DolphinSDK1.0\HW2\lib\gx.a(GXGeometry.o)
0x8042CB6C	0x144	GXAdjustForOverscan	C:\Progra~1\DolphinSDK1.0\HW2\lib\gx.a(GXFrameBuf.o)
0x8042CDA8	0x34	GXSetDispCopyDst	C:\Progra~1\DolphinSDK1.0\HW2\lib\gx.a(GXFrameBuf.o)
0x8042CDDC	0x130	GXSetTexCopyDst	C:\Progra~1\DolphinSDK1.0\HW2\lib\gx.a(GXFrameBuf.o)
0x8042CF30	0x58	GXSetCopyClamp	C:\Progra~1\DolphinSDK1.0\HW2\lib\gx.a(GXFrameBuf.o)
0x8042CF88	0x238	GXGetYScaleFactor	C:\Progra~1\DolphinSDK1.0\HW2\lib\gx.a(GXFrameBuf.o)
0x8042D1C0	0xCC	GXSetDispCopyYScale	C:\Progra~1\DolphinSDK1.0\HW2\lib\gx.a(GXFrameBuf.o)
0x8042D28C	0x78	GXSetCopyClear	C:\Progra~1\DolphinSDK1.0\HW2\lib\gx.a(GXFrameBuf.o)
0x8042D304	0x208	GXSetCopyFilter	C:\Progra~1\DolphinSDK1.0\HW2\lib\gx.a(GXFrameBuf.o)
0x8042D520	0x168	GXCopyDisp	C:\Progra~1\DolphinSDK1.0\HW2\lib\gx.a(GXFrameBuf.o)
0x8042D688	0x18C	GXCopyTex	C:\Progra~1\DolphinSDK1.0\HW2\lib\gx.a(GXFrameBuf.o)
0x8042D814	0x38	GXClearBoundingBox	C:\Progra~1\DolphinSDK1.0\HW2\lib\gx.a(GXFrameBuf.o)
0x8042D84C	0x190	GXInitLightSpot	C:\Progra~1\DolphinSDK1.0\HW2\lib\gx.a(GXLight.o)
0x8042D9F8	0x7C	GXLoadLightObjImm	C:\Progra~1\DolphinSDK1.0\HW2\lib\gx.a(GXLight.o)
0x8042DC44	0x3C	GXSetNumChans	C:\Progra~1\DolphinSDK1.0\HW2\lib\gx.a(GXLight.o)
0x8042DD94	0x15C	GXGetTexBufferSize	C:\Progra~1\DolphinSDK1.0\HW2\lib\gx.a(GXTexture.o)
0x8042DEF0	0xC8	__GetImageTileCount	C:\Progra~1\DolphinSDK1.0\HW2\lib\gx.a(GXTexture.o)
0x8042DFB8	0x24C	GXInitTexObj	C:\Progra~1\DolphinSDK1.0\HW2\lib\gx.a(GXTexture.o)
0x8042E204	0x48	GXInitTexObjCI	C:\Progra~1\DolphinSDK1.0\HW2\lib\gx.a(GXTexture.o)
0x8042E24C	0x164	GXInitTexObjLOD	C:\Progra~1\DolphinSDK1.0\HW2\lib\gx.a(GXTexture.o)
0x8042E414	0x17C	GXLoadTexObjPreLoaded	C:\Progra~1\DolphinSDK1.0\HW2\lib\gx.a(GXTexture.o)
0x8042E590	0x54	GXLoadTexObj	C:\Progra~1\DolphinSDK1.0\HW2\lib\gx.a(GXTexture.o)
0x8042E5E4	0x38	GXInitTlutObj	C:\Progra~1\DolphinSDK1.0\HW2\lib\gx.a(GXTexture.o)
0x8042E61C	0x98	GXLoadTlut	C:\Progra~1\DolphinSDK1.0\HW2\lib\gx.a(GXTexture.o)
0x8042E6B4	0xF4	GXInitTexCacheRegion	C:\Progra~1\DolphinSDK1.0\HW2\lib\gx.a(GXTexture.o)
0x8042E7A8	0x38	GXInitTlutRegion	C:\Progra~1\DolphinSDK1.0\HW2\lib\gx.a(GXTexture.o)
0x8042E7E0	0x48	GXInvalidateTexAll	C:\Progra~1\DolphinSDK1.0\HW2\lib\gx.a(GXTexture.o)
0x8042E8F0	0x17C	__GXSetSUTexRegs	C:\Progra~1\DolphinSDK1.0\HW2\lib\gx.a(GXTexture.o)
0x8042EA6C	0x354	__GXSetTmemConfig	C:\Progra~1\DolphinSDK1.0\HW2\lib\gx.a(GXTexture.o)
0x8042EDC0	0x6C	GXSetTevIndirect	C:\Progra~1\DolphinSDK1.0\HW2\lib\gx.a(GXBump.o)
0x8042EE2C	0x178	GXSetIndTexMtx	C:\Progra~1\DolphinSDK1.0\HW2\lib\gx.a(GXBump.o)
0x8042EFA4	0x144	GXSetIndTexCoordScale	C:\Progra~1\DolphinSDK1.0\HW2\lib\gx.a(GXBump.o)
0x8042F0E8	0xEC	GXSetIndTexOrder	C:\Progra~1\DolphinSDK1.0\HW2\lib\gx.a(GXBump.o)
0x8042F28C	0x30	__GXSetIndirectMask	C:\Progra~1\DolphinSDK1.0\HW2\lib\gx.a(GXBump.o)
0x8042F2E0	0x8C	GXSetTevOp	C:\Progra~1\DolphinSDK1.0\HW2\lib\gx.a(GXTev.o)
0x8042F36C	0x44	GXSetTevColorIn	C:\Progra~1\DolphinSDK1.0\HW2\lib\gx.a(GXTev.o)
0x8042F3B0	0x44	GXSetTevAlphaIn	C:\Progra~1\DolphinSDK1.0\HW2\lib\gx.a(GXTev.o)
0x8042F528	0x5C	GXSetTevKColorSel	C:\Progra~1\DolphinSDK1.0\HW2\lib\gx.a(GXTev.o)
0x8042F584	0x5C	GXSetTevKAlphaSel	C:\Progra~1\DolphinSDK1.0\HW2\lib\gx.a(GXTev.o)
0x8042F5E0	0x48	GXSetTevSwapMode	C:\Progra~1\DolphinSDK1.0\HW2\lib\gx.a(GXTev.o)
0x8042F628	0x80	GXSetTevSwapModeTable	C:\Progra~1\DolphinSDK1.0\HW2\lib\gx.a(GXTev.o)
0x8042F6A8	0x44	GXSetAlphaCompare	C:\Progra~1\DolphinSDK1.0\HW2\lib\gx.a(GXTev.o)
0x8042F6EC	0x8C	GXSetZTexture	C:\Progra~1\DolphinSDK1.0\HW2\lib\gx.a(GXTev.o)
0x8042F778	0x19C	GXSetTevOrder	C:\Progra~1\DolphinSDK1.0\HW2\lib\gx.a(GXTev.o)
0x8042FB50	0x1B0	GXInitFogAdjTable	C:\Progra~1\DolphinSDK1.0\HW2\lib\gx.a(GXPixel.o)
0x8042FD00	0x124	GXSetFogRangeAdj	C:\Progra~1\DolphinSDK1.0\HW2\lib\gx.a(GXPixel.o)
0x8042FE24	0x54	GXSetBlendMode	C:\Progra~1\DolphinSDK1.0\HW2\lib\gx.a(GXPixel.o)
0x8042FED0	0x34	GXSetZMode	C:\Progra~1\DolphinSDK1.0\HW2\lib\gx.a(GXPixel.o)
0x8042FF04	0x34	GXSetZCompLoc	C:\Progra~1\DolphinSDK1.0\HW2\lib\gx.a(GXPixel.o)
0x8042FF38	0xD4	GXSetPixelFmt	C:\Progra~1\DolphinSDK1.0\HW2\lib\gx.a(GXPixel.o)
0x80430038	0x3C	GXSetDstAlpha	C:\Progra~1\DolphinSDK1.0\HW2\lib\gx.a(GXPixel.o)
0x80430074	0x38	GXSetFieldMask	C:\Progra~1\DolphinSDK1.0\HW2\lib\gx.a(GXPixel.o)
0x804300AC	0x78	GXSetFieldMode	C:\Progra~1\DolphinSDK1.0\HW2\lib\gx.a(GXPixel.o)
0x80430124	0x70	GXCallDisplayList	C:\Progra~1\DolphinSDK1.0\HW2\lib\gx.a(GXDisplayList.o)
0x80430194	0xA4	GXSetProjection	C:\Progra~1\DolphinSDK1.0\HW2\lib\gx.a(GXTransform.o)
0x80430238	0x8C	GXSetProjectionv	C:\Progra~1\DolphinSDK1.0\HW2\lib\gx.a(GXTransform.o)
0x804302C4	0x50	GXLoadPosMtxImm	C:\Progra~1\DolphinSDK1.0\HW2\lib\gx.a(GXTransform.o)
0x80430314	0x50	GXLoadNrmMtxImm	C:\Progra~1\DolphinSDK1.0\HW2\lib\gx.a(GXTransform.o)
0x80430364	0x34	GXSetCurrentMtx	C:\Progra~1\DolphinSDK1.0\HW2\lib\gx.a(GXTransform.o)
0x80430398	0xB4	GXLoadTexMtxImm	C:\Progra~1\DolphinSDK1.0\HW2\lib\gx.a(GXTransform.o)
0x8043044C	0x90	__GXSetViewport	C:\Progra~1\DolphinSDK1.0\HW2\lib\gx.a(GXTransform.o)
0x804304DC	0x58	GXSetViewportJitter	C:\Progra~1\DolphinSDK1.0\HW2\lib\gx.a(GXTransform.o)
0x80430534	0x48	GXSetViewport	C:\Progra~1\DolphinSDK1.0\HW2\lib\gx.a(GXTransform.o)
0x8043057C	0x78	GXSetScissor	C:\Progra~1\DolphinSDK1.0\HW2\lib\gx.a(GXTransform.o)
0x804305F4	0x40	GXSetScissorBoxOffset	C:\Progra~1\DolphinSDK1.0\HW2\lib\gx.a(GXTransform.o)
0x8043065C	0x84	__GXSetMatrixIndex	C:\Progra~1\DolphinSDK1.0\HW2\lib\gx.a(GXTransform.o)
0x804306E0	0x848	GXSetGPMetric	C:\Progra~1\DolphinSDK1.0\HW2\lib\gx.a(GXPerf.o)
0x80430F28	0x1A8	GXReadGPMetric	C:\Progra~1\DolphinSDK1.0\HW2\lib\gx.a(GXPerf.o)
0x804310E0	0x138	GXReadPixMetric	C:\Progra~1\DolphinSDK1.0\HW2\lib\gx.a(GXPerf.o)
0x80431218	0x34	PSMTXCopy	C:\Progra~1\DolphinSDK1.0\HW2\lib\mtx.a(mtx.o)
0x8043124C	0xCC	PSMTXConcat	C:\Progra~1\DolphinSDK1.0\HW2\lib\mtx.a(mtx.o)
0x80431318	0x34	PSMTXTrans	C:\Progra~1\DolphinSDK1.0\HW2\lib\mtx.a(mtx.o)
0x80431440	0x54	PSMTXMultVec	C:\Progra~1\DolphinSDK1.0\HW2\lib\mtx.a(mtxvec.o)
0x80431494	0xD0	C_MTXPerspective	C:\Progra~1\DolphinSDK1.0\HW2\lib\mtx.a(mtx44.o)
0x80431564	0x98	C_MTXOrtho	C:\Progra~1\DolphinSDK1.0\HW2\lib\mtx.a(mtx44.o)
0x804315FC	0x104	PSMTX44Concat	C:\Progra~1\DolphinSDK1.0\HW2\lib\mtx.a(mtx44.o)
0x80431700	0x128	__OSFPRInit	C:\Progra~1\DolphinSDK1.0\HW2\lib\os.a(OS.o)
0x804320E0	0x58	OSDefaultExceptionHandler	__DBVECTOR
0x80432138	0x54	__OSPSInit	__DBVECTOR
0x804321CC	0x58	OSInitAlarm	C:\Progra~1\DolphinSDK1.0\HW2\lib\os.a(OSAlarm.o)
0x80432484	0x68	OSSetAlarm	C:\Progra~1\DolphinSDK1.0\HW2\lib\os.a(OSAlarm.o)
0x804324EC	0x7C	OSSetPeriodicAlarm	C:\Progra~1\DolphinSDK1.0\HW2\lib\os.a(OSAlarm.o)
0x80432568	0x11C	OSCancelAlarm	C:\Progra~1\DolphinSDK1.0\HW2\lib\os.a(OSAlarm.o)
0x80432A50	0xFC	OSAllocFromHeap	C:\Progra~1\DolphinSDK1.0\HW2\lib\os.a(OSAlloc.o)
0x80432B4C	0x7C	OSFreeToHeap	C:\Progra~1\DolphinSDK1.0\HW2\lib\os.a(OSAlloc.o)
0x80432BD8	0x70	OSInitAlloc	C:\Progra~1\DolphinSDK1.0\HW2\lib\os.a(OSAlloc.o)
0x80432C48	0x6C	OSCreateHeap	C:\Progra~1\DolphinSDK1.0\HW2\lib\os.a(OSAlloc.o)
0x80432D00	0x1BC	__OSInitAudioSystem	C:\Progra~1\DolphinSDK1.0\HW2\lib\os.a(OSAudioSystem.o)
0x80432EBC	0xD8	__OSStopAudioSystem	C:\Progra~1\DolphinSDK1.0\HW2\lib\os.a(OSAudioSystem.o)
0x80432FD4	0x30	DCFlushRange	C:\Progra~1\DolphinSDK1.0\HW2\lib\os.a(OSCache.o)
0x80433004	0x30	DCStoreRange	C:\Progra~1\DolphinSDK1.0\HW2\lib\os.a(OSCache.o)
0x8043308C	0x34	ICInvalidateRange	C:\Progra~1\DolphinSDK1.0\HW2\lib\os.a(OSCache.o)
0x8043310C	0x98	L2GlobalInvalidate	C:\Progra~1\DolphinSDK1.0\HW2\lib\os.a(OSCache.o)
0x804331A4	0x160	DMAErrorHandler	C:\Progra~1\DolphinSDK1.0\HW2\lib\os.a(OSCache.o)
0x80433304	0xF4	__OSCacheInit	C:\Progra~1\DolphinSDK1.0\HW2\lib\os.a(OSCache.o)
0x8043364C	0x5C	OSSetCurrentContext	C:\Progra~1\DolphinSDK1.0\HW2\lib\os.a(OSContext.o)
0x804336B4	0x80	OSSaveContext	C:\Progra~1\DolphinSDK1.0\HW2\lib\os.a(OSContext.o)
0x80433734	0xD8	OSLoadContext	C:\Progra~1\DolphinSDK1.0\HW2\lib\os.a(OSContext.o)
0x80433838	0xBC	OSInitContext	C:\Progra~1\DolphinSDK1.0\HW2\lib\os.a(OSContext.o)
0x804338F4	0x2A8	OSDumpContext	C:\Progra~1\DolphinSDK1.0\HW2\lib\os.a(OSContext.o)
0x80433C20	0x48	__OSContextInit	C:\Progra~1\DolphinSDK1.0\HW2\lib\os.a(OSContext.o)
0x80433C68	0x80	OSReport	C:\Progra~1\DolphinSDK1.0\HW2\lib\os.a(OSError.o)
0x80433CE8	0x12C	OSPanic	C:\Progra~1\DolphinSDK1.0\HW2\lib\os.a(OSError.o)
0x80433E14	0x218	OSSetErrorHandler	C:\Progra~1\DolphinSDK1.0\HW2\lib\os.a(OSError.o)
0x8043402C	0x2E8	__OSUnhandledException	C:\Progra~1\DolphinSDK1.0\HW2\lib\os.a(OSError.o)
0x80435004	0x74	__OSInterruptInit	__RAS_OSDisableInterrupts_end
0x80435350	0x88	__OSMaskInterrupts	__RAS_OSDisableInterrupts_end
0x804353D8	0x88	__OSUnmaskInterrupts	__RAS_OSDisableInterrupts_end
0x80435460	0x344	__OSDispatchInterrupt	__RAS_OSDisableInterrupts_end
0x8043580C	0x60	OSInitMessageQueue	C:\Progra~1\DolphinSDK1.0\HW2\lib\os.a(OSMessage.o)
0x8043586C	0xC8	OSSendMessage	C:\Progra~1\DolphinSDK1.0\HW2\lib\os.a(OSMessage.o)
0x80435934	0xDC	OSReceiveMessage	C:\Progra~1\DolphinSDK1.0\HW2\lib\os.a(OSMessage.o)
0x80435BD0	0x118	__OSInitMemoryProtection	C:\Progra~1\DolphinSDK1.0\HW2\lib\os.a(OSMemory.o)
0x80435CE8	0x38	OSInitMutex	C:\Progra~1\DolphinSDK1.0\HW2\lib\os.a(OSMutex.o)
0x80435D20	0xDC	OSLockMutex	C:\Progra~1\DolphinSDK1.0\HW2\lib\os.a(OSMutex.o)
0x80435DFC	0xC8	OSUnlockMutex	C:\Progra~1\DolphinSDK1.0\HW2\lib\os.a(OSMutex.o)
0x80435EC4	0x70	__OSUnlockAllMutex	C:\Progra~1\DolphinSDK1.0\HW2\lib\os.a(OSMutex.o)
0x80435FB8	0x84	OSRegisterResetFunction	C:\Progra~1\DolphinSDK1.0\HW2\lib\os.a(OSReset.o)
0x804361BC	0x48	__OSDoHotReset	C:\Progra~1\DolphinSDK1.0\HW2\lib\os.a(OSReset.o)
0x8043643C	0xF4	__OSResetSWInterruptHandler	C:\Progra~1\DolphinSDK1.0\HW2\lib\os.a(OSResetSW.o)
0x80436530	0x298	OSGetResetButtonState	C:\Progra~1\DolphinSDK1.0\HW2\lib\os.a(OSResetSW.o)
0x80436960	0x13C	__OSInitSram	C:\Progra~1\DolphinSDK1.0\HW2\lib\os.a(OSRtc.o)
0x80436A9C	0x5C	__OSLockSram	C:\Progra~1\DolphinSDK1.0\HW2\lib\os.a(OSRtc.o)
0x80436AF8	0x5C	__OSLockSramEx	C:\Progra~1\DolphinSDK1.0\HW2\lib\os.a(OSRtc.o)
0x80436EE8	0x70	OSGetProgressiveMode	C:\Progra~1\DolphinSDK1.0\HW2\lib\os.a(OSRtc.o)
0x80436F58	0xA4	OSSetProgressiveMode	C:\Progra~1\DolphinSDK1.0\HW2\lib\os.a(OSRtc.o)
0x80436FFC	0x84	OSGetWirelessID	C:\Progra~1\DolphinSDK1.0\HW2\lib\os.a(OSRtc.o)
0x80437080	0xAC	OSSetWirelessID	C:\Progra~1\DolphinSDK1.0\HW2\lib\os.a(OSRtc.o)
0x8043712C	0x70	OSGetGbsMode	C:\Progra~1\DolphinSDK1.0\HW2\lib\os.a(OSRtc.o)
0x8043719C	0xB8	OSSetGbsMode	C:\Progra~1\DolphinSDK1.0\HW2\lib\os.a(OSRtc.o)
0x80437274	0x64	__OSInitSystemCall	C:\Progra~1\DolphinSDK1.0\HW2\lib\os.a(OSSync.o)
0x804372DC	0x158	__OSThreadInit	C:\Progra~1\DolphinSDK1.0\HW2\lib\os.a(OSThread.o)
0x80437450	0x34	OSIsThreadTerminated	C:\Progra~1\DolphinSDK1.0\HW2\lib\os.a(OSThread.o)
0x8043756C	0x3C	__OSGetEffectivePriority	C:\Progra~1\DolphinSDK1.0\HW2\lib\os.a(OSThread.o)
0x80437768	0x50	__OSPromoteThread	C:\Progra~1\DolphinSDK1.0\HW2\lib\os.a(OSThread.o)
0x804379E0	0x30	__OSReschedule	C:\Progra~1\DolphinSDK1.0\HW2\lib\os.a(OSThread.o)
0x80437A10	0x3C	OSYieldThread	C:\Progra~1\DolphinSDK1.0\HW2\lib\os.a(OSThread.o)
0x80437A4C	0x1E8	OSCreateThread	C:\Progra~1\DolphinSDK1.0\HW2\lib\os.a(OSThread.o)
0x80437C34	0xE4	OSExitThread	C:\Progra~1\DolphinSDK1.0\HW2\lib\os.a(OSThread.o)
0x80437D18	0x1BC	OSCancelThread	C:\Progra~1\DolphinSDK1.0\HW2\lib\os.a(OSThread.o)
0x80437ED4	0x288	OSResumeThread	C:\Progra~1\DolphinSDK1.0\HW2\lib\os.a(OSThread.o)
0x8043815C	0x170	OSSuspendThread	C:\Progra~1\DolphinSDK1.0\HW2\lib\os.a(OSThread.o)
0x804382CC	0xEC	OSSleepThread	C:\Progra~1\DolphinSDK1.0\HW2\lib\os.a(OSThread.o)
0x804383B8	0x104	OSWakeupThread	C:\Progra~1\DolphinSDK1.0\HW2\lib\os.a(OSThread.o)
0x804384BC	0xC0	OSSetThreadPriority	C:\Progra~1\DolphinSDK1.0\HW2\lib\os.a(OSThread.o)
0x8043857C	0xAC	OSClearStack	C:\Progra~1\DolphinSDK1.0\HW2\lib\os.a(OSThread.o)
0x80438648	0x64	__OSGetSystemTime	C:\Progra~1\DolphinSDK1.0\HW2\lib\os.a(OSTime.o)
0x804386AC	0x58	__OSTimeToSystemTime	C:\Progra~1\DolphinSDK1.0\HW2\lib\os.a(OSTime.o)
0x804392A4	0x110	PADReset	C:\Progra~1\DolphinSDK1.0\HW2\lib\pad.a(Pad.o)
0x804393B4	0x114	PADRecalibrate	C:\Progra~1\DolphinSDK1.0\HW2\lib\pad.a(Pad.o)
0x804394C8	0x150	PADInit	C:\Progra~1\DolphinSDK1.0\HW2\lib\pad.a(Pad.o)
0x80439618	0x300	PADRead	C:\Progra~1\DolphinSDK1.0\HW2\lib\pad.a(Pad.o)
0x80439918	0xB8	PADControlMotor	C:\Progra~1\DolphinSDK1.0\HW2\lib\pad.a(Pad.o)
0x804399D0	0x60	PADSetSpec	C:\Progra~1\DolphinSDK1.0\HW2\lib\pad.a(Pad.o)
0x8043A2A4	0x54	PADSetSamplingCallback	C:\Progra~1\DolphinSDK1.0\HW2\lib\pad.a(Pad.o)
0x8043A2F8	0x7C	__PADDisableRecalibration	C:\Progra~1\DolphinSDK1.0\HW2\lib\pad.a(Pad.o)
0x8043A394	0x3C	SIIsChanBusy	C:\Progra~1\DolphinSDK1.0\HW2\lib\si.a(SIBios.o)
0x8043AAA8	0xCC	SIRegisterPollingHandler	C:\Progra~1\DolphinSDK1.0\HW2\lib\si.a(SIBios.o)
0x8043AB74	0xF4	SIUnregisterPollingHandler	C:\Progra~1\DolphinSDK1.0\HW2\lib\si.a(SIBios.o)
0x8043AC68	0xB4	SIInit	C:\Progra~1\DolphinSDK1.0\HW2\lib\si.a(SIBios.o)
0x8043AF28	0x7C	SIGetStatus	C:\Progra~1\DolphinSDK1.0\HW2\lib\si.a(SIBios.o)
0x8043AFC8	0x6C	SISetXY	C:\Progra~1\DolphinSDK1.0\HW2\lib\si.a(SIBios.o)
0x8043B034	0x9C	SIEnablePolling	C:\Progra~1\DolphinSDK1.0\HW2\lib\si.a(SIBios.o)
0x8043B0D0	0x6C	SIDisablePolling	C:\Progra~1\DolphinSDK1.0\HW2\lib\si.a(SIBios.o)
0x8043B210	0xC4	SIGetResponse	C:\Progra~1\DolphinSDK1.0\HW2\lib\si.a(SIBios.o)
0x8043B360	0x16C	SITransfer	C:\Progra~1\DolphinSDK1.0\HW2\lib\si.a(SIBios.o)
0x8043B764	0x1C4	SIGetType	C:\Progra~1\DolphinSDK1.0\HW2\lib\si.a(SIBios.o)
0x8043B928	0x13C	SIGetTypeAsync	C:\Progra~1\DolphinSDK1.0\HW2\lib\si.a(SIBios.o)
0x8043BA64	0xE4	SISetSamplingRate	C:\Progra~1\DolphinSDK1.0\HW2\lib\si.a(SISamplingRate.o)
0x8043C0D0	0x4B0	VIInit	C:\Progra~1\DolphinSDK1.0\HW2\lib\vi.a(vi.o)
0x8043C580	0x54	VIWaitForRetrace	C:\Progra~1\DolphinSDK1.0\HW2\lib\vi.a(vi.o)
0x8043D250	0x130	VIFlush	C:\Progra~1\DolphinSDK1.0\HW2\lib\vi.a(vi.o)
0x8043D380	0x6C	VISetNextFrameBuffer	C:\Progra~1\DolphinSDK1.0\HW2\lib\vi.a(vi.o)
0x8043D3EC	0x7C	VISetBlack	C:\Progra~1\DolphinSDK1.0\HW2\lib\vi.a(vi.o)
0x8043D50C	0x9C	VIGetNextField	C:\Progra~1\DolphinSDK1.0\HW2\lib\vi.a(vi.o)
0x8043D5A8	0x98	VIGetCurrentLine	C:\Progra~1\DolphinSDK1.0\HW2\lib\vi.a(vi.o)
0x8043D6A8	0x3C	VIGetDTVStatus	C:\Progra~1\DolphinSDK1.0\HW2\lib\vi.a(vi.o)
0x8043D6E4	0x21C	__VIDisplayPositionToXY	C:\Progra~1\DolphinSDK1.0\HW2\lib\vi.a(vi.o)
0x8043D900	0x60	__VIGetCurrentPosition	C:\Progra~1\DolphinSDK1.0\HW2\lib\vi.a(vi.o)
0x8043D960	0x9C	VMInit	C:\Progra~1\DolphinSDK1.0\HW2\lib\vm.a(VM.o)
0x8043DA1C	0x30	__VMAllocMRAMSwapSpace	C:\Progra~1\DolphinSDK1.0\HW2\lib\vm.a(VM.o)
0x8043DA4C	0x1FC	__VMSwapPageIn	C:\Progra~1\DolphinSDK1.0\HW2\lib\vm.a(VM.o)
0x8043DD24	0x44	__VMGetPageToReplace	C:\Progra~1\DolphinSDK1.0\HW2\lib\vm.a(VMPageReplacement.o)
0x8043DD68	0x1D0	__VMPageReplacementLRU	C:\Progra~1\DolphinSDK1.0\HW2\lib\vm.a(VMPageReplacement.o)
0x8043DF38	0x94	__VMPageReplacementRandom	C:\Progra~1\DolphinSDK1.0\HW2\lib\vm.a(VMPageReplacement.o)
0x8043DFCC	0x6C	__VMPageReplacementFIFO	C:\Progra~1\DolphinSDK1.0\HW2\lib\vm.a(VMPageReplacement.o)
0x8043E038	0x100	VMAlloc	C:\Progra~1\DolphinSDK1.0\HW2\lib\vm.a(VMMapping.o)
0x8043E138	0x40	__VMTranslateVMPageToARAMPage	C:\Progra~1\DolphinSDK1.0\HW2\lib\vm.a(VMMapping.o)
0x8043E198	0x38	__VMMappingErrorAlert	C:\Progra~1\DolphinSDK1.0\HW2\lib\vm.a(VMMapping.o)
0x8043E1FC	0xA8	__VMAllocVirtualToARAMLUT	C:\Progra~1\DolphinSDK1.0\HW2\lib\vm.a(VMMapping.o)
0x8043E2A4	0xA0	__VMAllocARAMToVirtualLUT	C:\Progra~1\DolphinSDK1.0\HW2\lib\vm.a(VMMapping.o)
0x8043E34C	0x260	DBWrite	C:\Progra~1\NPDP\GDEV\lib\OdemuExi2.a(D:\Dolphin\src\OdemuExi2Lib\DebuggerDriver.o)
0x8043E5AC	0x8C	DBRead	C:\Progra~1\NPDP\GDEV\lib\OdemuExi2.a(D:\Dolphin\src\OdemuExi2Lib\DebuggerDriver.o)
0x8043E638	0x9C	DBQueryData	C:\Progra~1\NPDP\GDEV\lib\OdemuExi2.a(D:\Dolphin\src\OdemuExi2Lib\DebuggerDriver.o)
0x8043E6D4	0x54	DBInitInterrupts	C:\Progra~1\NPDP\GDEV\lib\OdemuExi2.a(D:\Dolphin\src\OdemuExi2Lib\DebuggerDriver.o)
0x8043E728	0x78	DBInitComm	C:\Progra~1\NPDP\GDEV\lib\OdemuExi2.a(D:\Dolphin\src\OdemuExi2Lib\DebuggerDriver.o)
0x8043EDC4	0x5C	__sn_serialp	C:\Program Files\SN Systems\ngc\lib\libsn.a(dummy.o)
0x8043EE20	0x50	_write	C:\Program Files\SN Systems\ngc\lib\libsn.a(dummy.o)
0x8043EF00	0xA4	open	C:\Program Files\SN Systems\ngc\lib\libsn.a(dummy.o)
0x8043EFC0	0x4C	_savegpr_14	C:\Program Files\SN Systems\ngc\lib\libgcc.a(eabi.o)
0x8043F00C	0x4C	_restgpr_14	C:\Program Files\SN Systems\ngc\lib\libgcc.a(eabi.o)
0x8043F058	0xCC	VMBASEInit	C:\Progra~1\DolphinSDK1.0\HW2\lib\vmbase.a(VMBase.o)
0x8043F124	0x94	VMBASESetPageTableEntry	C:\Progra~1\DolphinSDK1.0\HW2\lib\vmbase.a(VMBase.o)
0x8043F1B8	0x8C	VMBASEClearPageTableEntry	C:\Progra~1\DolphinSDK1.0\HW2\lib\vmbase.a(VMBase.o)
0x8043F2BC	0x90	VMBASESetPageReferenced	C:\Progra~1\DolphinSDK1.0\HW2\lib\vmbase.a(VMBase.o)
0x8043F3E4	0x3C	__VMBASEInitPageTable	C:\Progra~1\DolphinSDK1.0\HW2\lib\vmbase.a(VMBase.o)
0x8043F480	0x158	__VMBASEInvalidatePageTable	C:\Progra~1\DolphinSDK1.0\HW2\lib\vmbase.a(VMBase.o)
0x8043F5D8	0xD8	__VMBASEInvalidateLockedPageTable	C:\Progra~1\DolphinSDK1.0\HW2\lib\vmbase.a(VMBase.o)
0x8043F6B0	0x78	__VMBASEInvalidateReversePageTable	C:\Progra~1\DolphinSDK1.0\HW2\lib\vmbase.a(VMBase.o)
0x8043F808	0x58	__VMBASEInvalidateEntireTLB	C:\Progra~1\DolphinSDK1.0\HW2\lib\vmbase.a(VMBase.o)
0x8043F860	0x54	__VMBASESetupVMRegisters	C:\Progra~1\DolphinSDK1.0\HW2\lib\vmbase.a(VMBase.o)
0x8043F8FC	0x17C	__VMBASESetupExceptionHandlers	C:\Progra~1\DolphinSDK1.0\HW2\lib\vmbase.a(VMBase.o)
0x8043FBBC	0x64	__VMBASEDSIServiceException	__VMBASEISIExceptionHandler_SetBranchBack
0x8043FD60	0x58	__VMBASEISIServiceException	__VMBASEISIExceptionHandler_SetBranchBack
